"aa20ba69-a86e-4294-981b-41cd258aff47.benchmark","/11?app_id=ef33ece14f9cd7ca&app_key=cbf06921d90fcd2b"
"aa20ba69-a86e-4294-981b-41cd258aff47.benchmark","/11?app_id=eb8f468a5462ba24&app_key=e5c4157641168103"
"aa20ba69-a86e-4294-981b-41cd258aff47.benchmark","/1?app_id=bc2556627e3a94c4&app_key=ec3e94c074c7a7b0"
"aa20ba69-a86e-4294-981b-41cd258aff47.benchmark","/1?app_id=ee0b7ee3c183b5fe&app_key=f1b1d2239440b53e"
"aa20ba69-a86e-4294-981b-41cd258aff47.benchmark","/11?app_id=c07cfbbc55356b51&app_key=1db8011cfe9e7d0d"
"d09c5600-c546-4012-b81a-49b0eadaea1a.benchmark","/1?app_id=a92dab95fac6b512&app_key=e69696c792587d1f"
"d09c5600-c546-4012-b81a-49b0eadaea1a.benchmark","/11?app_id=143bf6d72d193cd2&app_key=01a7e27aab25a2ad"
"73642bdb-78ef-4054-aa2f-9a880f09dd39.benchmark","/1?user_key=be2d7c417ef733c7"
"aa20ba69-a86e-4294-981b-41cd258aff47.benchmark","/1?app_id=aec1652c0b4c58d8&app_key=c90ae541a71ef300"
"73642bdb-78ef-4054-aa2f-9a880f09dd39.benchmark","/1?user_key=4510e3ef517b19bd"
"d09c5600-c546-4012-b81a-49b0eadaea1a.benchmark","/11?app_id=861646c4e8c4a806&app_key=066299d5826be424"
"aa20ba69-a86e-4294-981b-41cd258aff47.benchmark","/1?app_id=865e00185e936ad6&app_key=deb66f44e8b5a258"
"73642bdb-78ef-4054-aa2f-9a880f09dd39.benchmark","/1?user_key=be2d7c417ef733c7"
"73642bdb-78ef-4054-aa2f-9a880f09dd39.benchmark","/1?user_key=cbd7605e49ec9e7e"
"aa20ba69-a86e-4294-981b-41cd258aff47.benchmark","/11?app_id=cc51dc591e96fab0&app_key=a384b27550323618"
"aa20ba69-a86e-4294-981b-41cd258aff47.benchmark","/1?app_id=bc2556627e3a94c4&app_key=ec3e94c074c7a7b0"
"d09c5600-c546-4012-b81a-49b0eadaea1a.benchmark","/1?app_id=70ad171e4de203e2&app_key=060962e8206c601b"
"73642bdb-78ef-4054-aa2f-9a880f09dd39.benchmark","/1?user_key=99f4c008adf15fcf"
"d09c5600-c546-4012-b81a-49b0eadaea1a.benchmark","/111?app_id=9a7f34e541a5bde3&app_key=e58356a29d54c468"
"73642bdb-78ef-4054-aa2f-9a880f09dd39.benchmark","/1?user_key=48873bfdd3692fc6"
"aa20ba69-a86e-4294-981b-41cd258aff47.benchmark","/1?app_id=18bc41077009b83e&app_key=c0a5e032f54a6534"
"73642bdb-78ef-4054-aa2f-9a880f09dd39.benchmark","/1?user_key=c88471e885c57187"
"d09c5600-c546-4012-b81a-49b0eadaea1a.benchmark","/111?app_id=d6ab3beb57bca744&app_key=7fc7967b4722f3d8"
"aa20ba69-a86e-4294-981b-41cd258aff47.benchmark","/1?app_id=85bbd56877269603&app_key=e483f06a4b45422c"
"d09c5600-c546-4012-b81a-49b0eadaea1a.benchmark","/1?app_id=07fc8910c3443921&app_key=68ec90401cfeb310"
"aa20ba69-a86e-4294-981b-41cd258aff47.benchmark","/11?app_id=c137e411c7f66b60&app_key=add9bbd365a13237"
"aa20ba69-a86e-4294-981b-41cd258aff47.benchmark","/1?app_id=cb8d775561db2b3f&app_key=4bf3eb6e33a9242a"
"aa20ba69-a86e-4294-981b-41cd258aff47.benchmark","/11?app_id=090052c8ef2cfc8e&app_key=2e0b9f529024843d"
"aa20ba69-a86e-4294-981b-41cd258aff47.benchmark","/11?app_id=2b58ea81d1371a1b&app_key=6c9645caaffe9741"
"aa20ba69-a86e-4294-981b-41cd258aff47.benchmark","/1?app_id=e522334641f9c2e6&app_key=ab490665e5a0906c"
"73642bdb-78ef-4054-aa2f-9a880f09dd39.benchmark","/1?user_key=be2d7c417ef733c7"
"aa20ba69-a86e-4294-981b-41cd258aff47.benchmark","/1?app_id=ebf2bf29b724029e&app_key=b63c4f29b2b80b71"
"d09c5600-c546-4012-b81a-49b0eadaea1a.benchmark","/111?app_id=727f2e47f16a5949&app_key=1b8b2628444e3e78"
"aa20ba69-a86e-4294-981b-41cd258aff47.benchmark","/1?app_id=6c56df5a3fdfe24a&app_key=fd4265ebd7fdbe6e"
"d09c5600-c546-4012-b81a-49b0eadaea1a.benchmark","/11?app_id=1f0e3f5122c85fd4&app_key=5e9bb9b49093f8a2"
"73642bdb-78ef-4054-aa2f-9a880f09dd39.benchmark","/1?user_key=40186e2dd8436158"
"aa20ba69-a86e-4294-981b-41cd258aff47.benchmark","/1?app_id=d2d3896ee5e8f642&app_key=b217b8f0a8c62709"
"73642bdb-78ef-4054-aa2f-9a880f09dd39.benchmark","/11?user_key=2211a30874741129"
"d09c5600-c546-4012-b81a-49b0eadaea1a.benchmark","/1?app_id=bf469a6942592e40&app_key=66dea47df768c9f0"
"aa20ba69-a86e-4294-981b-41cd258aff47.benchmark","/111?app_id=658ef47bca778a09&app_key=c21238c1c71a1e35"
"d09c5600-c546-4012-b81a-49b0eadaea1a.benchmark","/11?app_id=9a7f34e541a5bde3&app_key=e58356a29d54c468"
"aa20ba69-a86e-4294-981b-41cd258aff47.benchmark","/1?app_id=1692c466b42d054f&app_key=5fbf732d8fba2b7c"
"d09c5600-c546-4012-b81a-49b0eadaea1a.benchmark","/11?app_id=dfd41c2a08d2ecef&app_key=4f0198b045139972"
"aa20ba69-a86e-4294-981b-41cd258aff47.benchmark","/11?app_id=4a044b5ea1e67310&app_key=c608d093ae712a99"
"73642bdb-78ef-4054-aa2f-9a880f09dd39.benchmark","/1?user_key=40186e2dd8436158"
"73642bdb-78ef-4054-aa2f-9a880f09dd39.benchmark","/11?user_key=7f3147346bd3fcd6"
"d09c5600-c546-4012-b81a-49b0eadaea1a.benchmark","/111?app_id=fd4875443c6508ed&app_key=4cd47839e502df23"
"d09c5600-c546-4012-b81a-49b0eadaea1a.benchmark","/1?app_id=bf469a6942592e40&app_key=66dea47df768c9f0"
"d09c5600-c546-4012-b81a-49b0eadaea1a.benchmark","/1?app_id=61d76625f2ba4b3b&app_key=a818359fc0b0b2e1"
"d09c5600-c546-4012-b81a-49b0eadaea1a.benchmark","/11?app_id=c97ccdbe75a54132&app_key=ac8c5855614ae8e0"
"73642bdb-78ef-4054-aa2f-9a880f09dd39.benchmark","/1?user_key=40186e2dd8436158"
"73642bdb-78ef-4054-aa2f-9a880f09dd39.benchmark","/1?user_key=2640c29b7fb483d1"
"73642bdb-78ef-4054-aa2f-9a880f09dd39.benchmark","/111?user_key=cfe80a652c3b5401"
"73642bdb-78ef-4054-aa2f-9a880f09dd39.benchmark","/111?user_key=b447b84754400403"
"73642bdb-78ef-4054-aa2f-9a880f09dd39.benchmark","/1?user_key=5c5d25dc0a7ec85e"
"d09c5600-c546-4012-b81a-49b0eadaea1a.benchmark","/1?app_id=61d76625f2ba4b3b&app_key=a818359fc0b0b2e1"
"73642bdb-78ef-4054-aa2f-9a880f09dd39.benchmark","/11?user_key=813d425b1baf71b5"
"73642bdb-78ef-4054-aa2f-9a880f09dd39.benchmark","/1?user_key=b447b84754400403"
"73642bdb-78ef-4054-aa2f-9a880f09dd39.benchmark","/1?user_key=095c8f80f910bb96"
"d09c5600-c546-4012-b81a-49b0eadaea1a.benchmark","/1?app_id=4759195daf8828f2&app_key=3ce6b2b0ea87bcd5"
"73642bdb-78ef-4054-aa2f-9a880f09dd39.benchmark","/1?user_key=5ee41a5782df530e"
"d09c5600-c546-4012-b81a-49b0eadaea1a.benchmark","/1?app_id=1f0e3f5122c85fd4&app_key=5e9bb9b49093f8a2"
"aa20ba69-a86e-4294-981b-41cd258aff47.benchmark","/11?app_id=99083311358ae185&app_key=2433ebf171583c90"
"aa20ba69-a86e-4294-981b-41cd258aff47.benchmark","/11?app_id=c137e411c7f66b60&app_key=add9bbd365a13237"
"d09c5600-c546-4012-b81a-49b0eadaea1a.benchmark","/1?app_id=6acd852a4d872493&app_key=b00bdf59d9ed8e1f"
"d09c5600-c546-4012-b81a-49b0eadaea1a.benchmark","/1?app_id=3f33f6c395386498&app_key=636a005d8c0a68ec"
"d09c5600-c546-4012-b81a-49b0eadaea1a.benchmark","/1?app_id=bc2f28a605c913e0&app_key=174437ac48fffbb6"
"73642bdb-78ef-4054-aa2f-9a880f09dd39.benchmark","/11?user_key=33d768466f0bf0c1"
"aa20ba69-a86e-4294-981b-41cd258aff47.benchmark","/11?app_id=ac1b5b488c4c7483&app_key=789b977758eadec3"
"73642bdb-78ef-4054-aa2f-9a880f09dd39.benchmark","/11?user_key=17c3f61f295cc0f3"
"d09c5600-c546-4012-b81a-49b0eadaea1a.benchmark","/1?app_id=7ddf619a576ec4ba&app_key=a7951fdf6b146805"
"aa20ba69-a86e-4294-981b-41cd258aff47.benchmark","/11?app_id=c9b2b1e467738a2d&app_key=4015a03803c7ea7f"
"aa20ba69-a86e-4294-981b-41cd258aff47.benchmark","/1?app_id=f900d2566c2a5cf7&app_key=e38eb72b6db2cb38"
"73642bdb-78ef-4054-aa2f-9a880f09dd39.benchmark","/1?user_key=813d425b1baf71b5"
"aa20ba69-a86e-4294-981b-41cd258aff47.benchmark","/1?app_id=8747533615701f73&app_key=f539e7ea970c36ec"
"d09c5600-c546-4012-b81a-49b0eadaea1a.benchmark","/1?app_id=4759195daf8828f2&app_key=3ce6b2b0ea87bcd5"
"d09c5600-c546-4012-b81a-49b0eadaea1a.benchmark","/1?app_id=bd27ba2a45421560&app_key=114409bafbccb7a6"
"d09c5600-c546-4012-b81a-49b0eadaea1a.benchmark","/11?app_id=aed3b8750b1a0e87&app_key=45c24591feeed8d7"
"aa20ba69-a86e-4294-981b-41cd258aff47.benchmark","/1?app_id=034c890dd56e523a&app_key=7b952a89a1eb2f6f"
"aa20ba69-a86e-4294-981b-41cd258aff47.benchmark","/1?app_id=7533d43e144728c9&app_key=5e79d2d0aaf2899c"
"d09c5600-c546-4012-b81a-49b0eadaea1a.benchmark","/1?app_id=9f26966f20400c26&app_key=d92691985236de63"
"aa20ba69-a86e-4294-981b-41cd258aff47.benchmark","/1?app_id=cb8d775561db2b3f&app_key=4bf3eb6e33a9242a"
"d09c5600-c546-4012-b81a-49b0eadaea1a.benchmark","/1?app_id=68434ab57f922093&app_key=214dc9d249b1f20d"
"d09c5600-c546-4012-b81a-49b0eadaea1a.benchmark","/111?app_id=861646c4e8c4a806&app_key=066299d5826be424"
"aa20ba69-a86e-4294-981b-41cd258aff47.benchmark","/1?app_id=eb8f468a5462ba24&app_key=e5c4157641168103"
"d09c5600-c546-4012-b81a-49b0eadaea1a.benchmark","/1?app_id=5f6269e2a1311318&app_key=01e746770031d190"
"73642bdb-78ef-4054-aa2f-9a880f09dd39.benchmark","/1?user_key=ce686021fdf28103"
"d09c5600-c546-4012-b81a-49b0eadaea1a.benchmark","/11?app_id=1ef138b1eeb90b69&app_key=14315427bb4f210a"
"d09c5600-c546-4012-b81a-49b0eadaea1a.benchmark","/1?app_id=d840602ec74f23dd&app_key=f8724a54fefd52c5"
"73642bdb-78ef-4054-aa2f-9a880f09dd39.benchmark","/1?user_key=a4e284da982ff452"
"aa20ba69-a86e-4294-981b-41cd258aff47.benchmark","/1?app_id=0e43a12ba61f8d8a&app_key=4c74f5e1fd77c2df"
"73642bdb-78ef-4054-aa2f-9a880f09dd39.benchmark","/11?user_key=aecb587e8aa997b0"
"d09c5600-c546-4012-b81a-49b0eadaea1a.benchmark","/1?app_id=6f27388717b152ac&app_key=adf00549083d2eec"
"73642bdb-78ef-4054-aa2f-9a880f09dd39.benchmark","/1?user_key=21da644f2089c058"
"aa20ba69-a86e-4294-981b-41cd258aff47.benchmark","/11?app_id=b827bcff78e28d38&app_key=c8fd756c29ffe236"
"73642bdb-78ef-4054-aa2f-9a880f09dd39.benchmark","/1?user_key=4b78912bffa345d7"
"73642bdb-78ef-4054-aa2f-9a880f09dd39.benchmark","/1?user_key=b30e75edd1474820"
"73642bdb-78ef-4054-aa2f-9a880f09dd39.benchmark","/111?user_key=133c77598003551d"
"aa20ba69-a86e-4294-981b-41cd258aff47.benchmark","/111?app_id=103e6ed23fa3bdd4&app_key=4e39b4a0fbe7ae81"
"d09c5600-c546-4012-b81a-49b0eadaea1a.benchmark","/1?app_id=d5ef314ac948cb9d&app_key=342e0ce2c3b4643f"
"aa20ba69-a86e-4294-981b-41cd258aff47.benchmark","/1?app_id=12d5890319dfb097&app_key=c3c275e4a2492dde"
"d09c5600-c546-4012-b81a-49b0eadaea1a.benchmark","/1?app_id=3e54b8dfb62699f0&app_key=0577955732d9a48b"
"73642bdb-78ef-4054-aa2f-9a880f09dd39.benchmark","/1?user_key=4510e3ef517b19bd"
"aa20ba69-a86e-4294-981b-41cd258aff47.benchmark","/1?app_id=69ecdf641b88321c&app_key=f8fc1e972e1c579e"
"d09c5600-c546-4012-b81a-49b0eadaea1a.benchmark","/11?app_id=322cd1dbae28a11e&app_key=374cc96d566dad98"
"aa20ba69-a86e-4294-981b-41cd258aff47.benchmark","/111?app_id=20df7f13f5cffdcf&app_key=963d51499c62a862"
"d09c5600-c546-4012-b81a-49b0eadaea1a.benchmark","/1?app_id=2024a01d5289dd44&app_key=18f0feee4b8e145b"
"73642bdb-78ef-4054-aa2f-9a880f09dd39.benchmark","/1?user_key=d73b8a914eca1119"
"d09c5600-c546-4012-b81a-49b0eadaea1a.benchmark","/1?app_id=453a4149cada5972&app_key=ff535b192545a5ad"
"d09c5600-c546-4012-b81a-49b0eadaea1a.benchmark","/1?app_id=ed8050d54fd678ab&app_key=37884d7812f4bd0b"
"73642bdb-78ef-4054-aa2f-9a880f09dd39.benchmark","/1?user_key=d73b8a914eca1119"
"aa20ba69-a86e-4294-981b-41cd258aff47.benchmark","/1?app_id=6c56df5a3fdfe24a&app_key=fd4265ebd7fdbe6e"
"73642bdb-78ef-4054-aa2f-9a880f09dd39.benchmark","/1?user_key=cfee0901011716c9"
"73642bdb-78ef-4054-aa2f-9a880f09dd39.benchmark","/111?user_key=4510e3ef517b19bd"
"73642bdb-78ef-4054-aa2f-9a880f09dd39.benchmark","/1?user_key=2dbd5ae87ac2fa0e"
"aa20ba69-a86e-4294-981b-41cd258aff47.benchmark","/1?app_id=b11a21887f3d6c79&app_key=bcc6f706b47d7681"
"aa20ba69-a86e-4294-981b-41cd258aff47.benchmark","/1?app_id=2924eedd1aadd273&app_key=573bb2e4dd21cdad"
"d09c5600-c546-4012-b81a-49b0eadaea1a.benchmark","/1?app_id=bf469a6942592e40&app_key=66dea47df768c9f0"
"aa20ba69-a86e-4294-981b-41cd258aff47.benchmark","/1?app_id=4df624dfd00026c8&app_key=199b6377a9db9bc2"
"aa20ba69-a86e-4294-981b-41cd258aff47.benchmark","/1?app_id=8244258b4f9e1266&app_key=35086561bb804871"
"d09c5600-c546-4012-b81a-49b0eadaea1a.benchmark","/1?app_id=56d5fbcb806816b8&app_key=80d08c1d3b95ebba"
"aa20ba69-a86e-4294-981b-41cd258aff47.benchmark","/1?app_id=8244258b4f9e1266&app_key=35086561bb804871"
"d09c5600-c546-4012-b81a-49b0eadaea1a.benchmark","/11?app_id=801da5f52bd9e20c&app_key=426b41f3cdb88446"
"73642bdb-78ef-4054-aa2f-9a880f09dd39.benchmark","/111?user_key=7c80cd35c92451ec"
"73642bdb-78ef-4054-aa2f-9a880f09dd39.benchmark","/1?user_key=2dbd5ae87ac2fa0e"
"aa20ba69-a86e-4294-981b-41cd258aff47.benchmark","/1?app_id=78f3a197c931b3ad&app_key=2c2fed891d957ffb"
"73642bdb-78ef-4054-aa2f-9a880f09dd39.benchmark","/1?user_key=5528d55764fa9f77"
"d09c5600-c546-4012-b81a-49b0eadaea1a.benchmark","/1?app_id=ea7542f3ef4ff6af&app_key=00ff650b4e0b8294"
"aa20ba69-a86e-4294-981b-41cd258aff47.benchmark","/1?app_id=1692c466b42d054f&app_key=5fbf732d8fba2b7c"
"aa20ba69-a86e-4294-981b-41cd258aff47.benchmark","/1?app_id=00a05ab24c4476ee&app_key=55b1fd3d5cbcc14a"
"aa20ba69-a86e-4294-981b-41cd258aff47.benchmark","/11?app_id=f8c72ffb307ab087&app_key=588b270369c86b99"
"73642bdb-78ef-4054-aa2f-9a880f09dd39.benchmark","/1?user_key=095c8f80f910bb96"
"d09c5600-c546-4012-b81a-49b0eadaea1a.benchmark","/1?app_id=da7d2085358ad660&app_key=34dd986a5a2a7a7f"
"73642bdb-78ef-4054-aa2f-9a880f09dd39.benchmark","/1?user_key=9232981aef44f2c8"
"aa20ba69-a86e-4294-981b-41cd258aff47.benchmark","/1?app_id=52768af886012911&app_key=153bdaa8d983a134"
"aa20ba69-a86e-4294-981b-41cd258aff47.benchmark","/1?app_id=c07cfbbc55356b51&app_key=1db8011cfe9e7d0d"
"d09c5600-c546-4012-b81a-49b0eadaea1a.benchmark","/1?app_id=96acf66c71064303&app_key=63dd08721d1cb719"
"73642bdb-78ef-4054-aa2f-9a880f09dd39.benchmark","/1?user_key=3e798274e28def12"
"aa20ba69-a86e-4294-981b-41cd258aff47.benchmark","/1?app_id=9856829c6c566324&app_key=54d2c484d267d0fa"
"73642bdb-78ef-4054-aa2f-9a880f09dd39.benchmark","/111?user_key=4759c63c0523fdf2"
"d09c5600-c546-4012-b81a-49b0eadaea1a.benchmark","/1?app_id=b140b09a986cdcdf&app_key=ae023e7cbf39d9ed"
"d09c5600-c546-4012-b81a-49b0eadaea1a.benchmark","/111?app_id=6f27388717b152ac&app_key=adf00549083d2eec"
"aa20ba69-a86e-4294-981b-41cd258aff47.benchmark","/1?app_id=78f3a197c931b3ad&app_key=2c2fed891d957ffb"
"aa20ba69-a86e-4294-981b-41cd258aff47.benchmark","/1?app_id=43980f72be0bcad9&app_key=e68ba01b48d3483c"
"d09c5600-c546-4012-b81a-49b0eadaea1a.benchmark","/11?app_id=a92dab95fac6b512&app_key=e69696c792587d1f"
"d09c5600-c546-4012-b81a-49b0eadaea1a.benchmark","/1?app_id=c97ccdbe75a54132&app_key=ac8c5855614ae8e0"
"aa20ba69-a86e-4294-981b-41cd258aff47.benchmark","/1?app_id=0d5e48f190482c77&app_key=326db691defa3566"
"73642bdb-78ef-4054-aa2f-9a880f09dd39.benchmark","/111?user_key=8178bd640f515749"
"73642bdb-78ef-4054-aa2f-9a880f09dd39.benchmark","/1?user_key=068bac5a46abe015"
"73642bdb-78ef-4054-aa2f-9a880f09dd39.benchmark","/1?user_key=33d768466f0bf0c1"
"73642bdb-78ef-4054-aa2f-9a880f09dd39.benchmark","/1?user_key=203c9c5e845e99b4"
"73642bdb-78ef-4054-aa2f-9a880f09dd39.benchmark","/1?user_key=ce686021fdf28103"
"73642bdb-78ef-4054-aa2f-9a880f09dd39.benchmark","/1?user_key=48873bfdd3692fc6"
"aa20ba69-a86e-4294-981b-41cd258aff47.benchmark","/1?app_id=00a05ab24c4476ee&app_key=55b1fd3d5cbcc14a"
"d09c5600-c546-4012-b81a-49b0eadaea1a.benchmark","/1?app_id=850493d9f5e48dcf&app_key=e49111542a32e386"
"73642bdb-78ef-4054-aa2f-9a880f09dd39.benchmark","/1?user_key=c4d2c29b034767bf"
"d09c5600-c546-4012-b81a-49b0eadaea1a.benchmark","/111?app_id=32311314673da692&app_key=5244e14b7a300c24"
"aa20ba69-a86e-4294-981b-41cd258aff47.benchmark","/1?app_id=55c7d1f32a6afe79&app_key=56a5123c79262628"
"aa20ba69-a86e-4294-981b-41cd258aff47.benchmark","/1?app_id=fba695e34377ea47&app_key=f79a8e86f6f1f342"
"aa20ba69-a86e-4294-981b-41cd258aff47.benchmark","/1?app_id=a14c352e082add49&app_key=354e1e2c30c1c24d"
"d09c5600-c546-4012-b81a-49b0eadaea1a.benchmark","/1?app_id=1f0e3f5122c85fd4&app_key=5e9bb9b49093f8a2"
"aa20ba69-a86e-4294-981b-41cd258aff47.benchmark","/11?app_id=2924eedd1aadd273&app_key=573bb2e4dd21cdad"
"d09c5600-c546-4012-b81a-49b0eadaea1a.benchmark","/11?app_id=10e9b125ebf5c71a&app_key=ab4308e97369fd02"
"73642bdb-78ef-4054-aa2f-9a880f09dd39.benchmark","/1?user_key=5528d55764fa9f77"
"aa20ba69-a86e-4294-981b-41cd258aff47.benchmark","/11?app_id=a9f1cc118439926d&app_key=8b064f4902cc322d"
"d09c5600-c546-4012-b81a-49b0eadaea1a.benchmark","/11?app_id=b41d2d2e640be40f&app_key=305d1943bd4d48b1"
"73642bdb-78ef-4054-aa2f-9a880f09dd39.benchmark","/1?user_key=defc5d4d79907d3f"
"d09c5600-c546-4012-b81a-49b0eadaea1a.benchmark","/1?app_id=2695dd3bf21faa79&app_key=d69c67454f2d010b"
"73642bdb-78ef-4054-aa2f-9a880f09dd39.benchmark","/1?user_key=8d0ef3bd83bb6c7c"
"73642bdb-78ef-4054-aa2f-9a880f09dd39.benchmark","/111?user_key=7f3147346bd3fcd6"
"73642bdb-78ef-4054-aa2f-9a880f09dd39.benchmark","/1?user_key=813d425b1baf71b5"
"73642bdb-78ef-4054-aa2f-9a880f09dd39.benchmark","/1?user_key=203c9c5e845e99b4"
"d09c5600-c546-4012-b81a-49b0eadaea1a.benchmark","/11?app_id=9f26966f20400c26&app_key=d92691985236de63"
"d09c5600-c546-4012-b81a-49b0eadaea1a.benchmark","/11?app_id=a11567ce85929114&app_key=feb42996fac0551d"
"aa20ba69-a86e-4294-981b-41cd258aff47.benchmark","/1?app_id=7b9ae7d0dfc4c6a2&app_key=2f6690dc1d43fa67"
"aa20ba69-a86e-4294-981b-41cd258aff47.benchmark","/1?app_id=28cd0670177c66ab&app_key=0b01418fdc5ac780"
"aa20ba69-a86e-4294-981b-41cd258aff47.benchmark","/1?app_id=109df8539d75c331&app_key=0592bb82f9251e4b"
"73642bdb-78ef-4054-aa2f-9a880f09dd39.benchmark","/111?user_key=2640c29b7fb483d1"
"73642bdb-78ef-4054-aa2f-9a880f09dd39.benchmark","/1?user_key=0d62ed904c3e56b4"
"73642bdb-78ef-4054-aa2f-9a880f09dd39.benchmark","/1?user_key=608dca8a0d4eafd2"
"aa20ba69-a86e-4294-981b-41cd258aff47.benchmark","/111?app_id=31468bcb0b1a59fa&app_key=18d44e0bbfbf04fe"
"aa20ba69-a86e-4294-981b-41cd258aff47.benchmark","/1?app_id=0e43a12ba61f8d8a&app_key=4c74f5e1fd77c2df"
"d09c5600-c546-4012-b81a-49b0eadaea1a.benchmark","/1?app_id=aebd8b6d93c73921&app_key=f7803308f1db0464"
"d09c5600-c546-4012-b81a-49b0eadaea1a.benchmark","/1?app_id=68434ab57f922093&app_key=214dc9d249b1f20d"
"aa20ba69-a86e-4294-981b-41cd258aff47.benchmark","/1?app_id=c9b2b1e467738a2d&app_key=4015a03803c7ea7f"
"73642bdb-78ef-4054-aa2f-9a880f09dd39.benchmark","/1?user_key=602f8c08452e88fa"
"73642bdb-78ef-4054-aa2f-9a880f09dd39.benchmark","/1?user_key=0d62ed904c3e56b4"
"d09c5600-c546-4012-b81a-49b0eadaea1a.benchmark","/1?app_id=e6f118849acc3d70&app_key=c8b3e1ccd2a7e9e2"
"aa20ba69-a86e-4294-981b-41cd258aff47.benchmark","/1?app_id=d76ea5e6104e9541&app_key=76c2f0b766457819"
"73642bdb-78ef-4054-aa2f-9a880f09dd39.benchmark","/1?user_key=c2241fbb61b64148"
"d09c5600-c546-4012-b81a-49b0eadaea1a.benchmark","/1?app_id=7dfad494b57172ca&app_key=5f7df3d33a9a1d72"
"73642bdb-78ef-4054-aa2f-9a880f09dd39.benchmark","/1?user_key=c2af90822f44298d"
"73642bdb-78ef-4054-aa2f-9a880f09dd39.benchmark","/11?user_key=03321092dfa29dfb"
"aa20ba69-a86e-4294-981b-41cd258aff47.benchmark","/11?app_id=05d23e54c1b4edbc&app_key=f703932c167828b1"
"d09c5600-c546-4012-b81a-49b0eadaea1a.benchmark","/11?app_id=80d94f9291c939c3&app_key=f11af35e6fe155e3"
"aa20ba69-a86e-4294-981b-41cd258aff47.benchmark","/1?app_id=43980f72be0bcad9&app_key=e68ba01b48d3483c"
"aa20ba69-a86e-4294-981b-41cd258aff47.benchmark","/1?app_id=ed32ef31537e39f6&app_key=3e47f40029fc2acb"
"d09c5600-c546-4012-b81a-49b0eadaea1a.benchmark","/11?app_id=a92dab95fac6b512&app_key=e69696c792587d1f"
"aa20ba69-a86e-4294-981b-41cd258aff47.benchmark","/11?app_id=9856829c6c566324&app_key=54d2c484d267d0fa"
"73642bdb-78ef-4054-aa2f-9a880f09dd39.benchmark","/1?user_key=0ea57a53a086679c"
"73642bdb-78ef-4054-aa2f-9a880f09dd39.benchmark","/1?user_key=7b2f85f665f004c9"
"d09c5600-c546-4012-b81a-49b0eadaea1a.benchmark","/1?app_id=0ffb58a15a966084&app_key=1f8eea3ff8631a9f"
"d09c5600-c546-4012-b81a-49b0eadaea1a.benchmark","/1?app_id=aed3b8750b1a0e87&app_key=45c24591feeed8d7"
"d09c5600-c546-4012-b81a-49b0eadaea1a.benchmark","/1?app_id=70ad171e4de203e2&app_key=060962e8206c601b"
"aa20ba69-a86e-4294-981b-41cd258aff47.benchmark","/1?app_id=28cd0670177c66ab&app_key=0b01418fdc5ac780"
"73642bdb-78ef-4054-aa2f-9a880f09dd39.benchmark","/1?user_key=0066c9f9decbd632"
"aa20ba69-a86e-4294-981b-41cd258aff47.benchmark","/1?app_id=ef33ece14f9cd7ca&app_key=cbf06921d90fcd2b"
"73642bdb-78ef-4054-aa2f-9a880f09dd39.benchmark","/1?user_key=981f0b9a1568e7a3"
"d09c5600-c546-4012-b81a-49b0eadaea1a.benchmark","/1?app_id=322cd1dbae28a11e&app_key=374cc96d566dad98"
"d09c5600-c546-4012-b81a-49b0eadaea1a.benchmark","/1?app_id=4036ffae5c6a7ec3&app_key=6dbc8d0ea53ea5d8"
"73642bdb-78ef-4054-aa2f-9a880f09dd39.benchmark","/11?user_key=648f65237007f946"
"73642bdb-78ef-4054-aa2f-9a880f09dd39.benchmark","/111?user_key=a5f6d272d674e27f"
"aa20ba69-a86e-4294-981b-41cd258aff47.benchmark","/11?app_id=607231ea39637f69&app_key=07c01964cb10df1c"
"73642bdb-78ef-4054-aa2f-9a880f09dd39.benchmark","/1?user_key=a5f6d272d674e27f"
"aa20ba69-a86e-4294-981b-41cd258aff47.benchmark","/1?app_id=d076f4c02e628ac3&app_key=454c285f0517772a"
"73642bdb-78ef-4054-aa2f-9a880f09dd39.benchmark","/1?user_key=133c77598003551d"
"73642bdb-78ef-4054-aa2f-9a880f09dd39.benchmark","/1?user_key=3aca8c80d4eb34c8"
"d09c5600-c546-4012-b81a-49b0eadaea1a.benchmark","/1?app_id=f14c27c796eec191&app_key=69d7bb784f7dc0e3"
"73642bdb-78ef-4054-aa2f-9a880f09dd39.benchmark","/1?user_key=f893df9ac6e1b633"
"aa20ba69-a86e-4294-981b-41cd258aff47.benchmark","/1?app_id=d9b1f0d08786b22c&app_key=b58cc6f019d7af4c"
"73642bdb-78ef-4054-aa2f-9a880f09dd39.benchmark","/1?user_key=5f78d3d3b41e89e7"
"aa20ba69-a86e-4294-981b-41cd258aff47.benchmark","/1?app_id=3883d8f8ea02cc5e&app_key=f3f7cbf4e3178ae8"
"aa20ba69-a86e-4294-981b-41cd258aff47.benchmark","/1?app_id=85bbd56877269603&app_key=e483f06a4b45422c"
"73642bdb-78ef-4054-aa2f-9a880f09dd39.benchmark","/1?user_key=f73406a228cca682"
"aa20ba69-a86e-4294-981b-41cd258aff47.benchmark","/1?app_id=85bbd56877269603&app_key=e483f06a4b45422c"
"aa20ba69-a86e-4294-981b-41cd258aff47.benchmark","/1?app_id=549cfd07a3ffe5d5&app_key=7b1a0f49bffd2834"
"73642bdb-78ef-4054-aa2f-9a880f09dd39.benchmark","/1?user_key=902f17408d58f6f2"
"73642bdb-78ef-4054-aa2f-9a880f09dd39.benchmark","/1?user_key=2640c29b7fb483d1"
"d09c5600-c546-4012-b81a-49b0eadaea1a.benchmark","/1?app_id=f25ef8e30968f40e&app_key=e7bb202f619a4947"
"aa20ba69-a86e-4294-981b-41cd258aff47.benchmark","/1?app_id=369b219a3f9e5ec8&app_key=2e7ae1acf66a6e38"
"aa20ba69-a86e-4294-981b-41cd258aff47.benchmark","/1?app_id=2b58ea81d1371a1b&app_key=6c9645caaffe9741"
"73642bdb-78ef-4054-aa2f-9a880f09dd39.benchmark","/11?user_key=8e1ba71304e46f87"
"d09c5600-c546-4012-b81a-49b0eadaea1a.benchmark","/1?app_id=ded7a874e510cbcd&app_key=32a6e04d08986cec"
"aa20ba69-a86e-4294-981b-41cd258aff47.benchmark","/1?app_id=c9b2b1e467738a2d&app_key=4015a03803c7ea7f"
"73642bdb-78ef-4054-aa2f-9a880f09dd39.benchmark","/1?user_key=e68ee2c898af46f6"
"d09c5600-c546-4012-b81a-49b0eadaea1a.benchmark","/1?app_id=1082481a4fb23aa5&app_key=cb36ce1122ed2756"
"73642bdb-78ef-4054-aa2f-9a880f09dd39.benchmark","/1?user_key=602f8c08452e88fa"
"73642bdb-78ef-4054-aa2f-9a880f09dd39.benchmark","/1?user_key=cb7000a8fd9fbc9f"
"aa20ba69-a86e-4294-981b-41cd258aff47.benchmark","/1?app_id=bc7f26ee2a53e87e&app_key=ddf40ba47c439fbf"
"aa20ba69-a86e-4294-981b-41cd258aff47.benchmark","/1?app_id=a2450736283bd6bf&app_key=8d815adff3baebf9"
"aa20ba69-a86e-4294-981b-41cd258aff47.benchmark","/1?app_id=1a08b55826c9a648&app_key=5c1f8d6a2757eafd"
"d09c5600-c546-4012-b81a-49b0eadaea1a.benchmark","/1?app_id=7765cdac7d722e3b&app_key=93260e9095007f07"
"73642bdb-78ef-4054-aa2f-9a880f09dd39.benchmark","/1?user_key=fed986768e9498cd"
"d09c5600-c546-4012-b81a-49b0eadaea1a.benchmark","/1?app_id=d840602ec74f23dd&app_key=f8724a54fefd52c5"
"aa20ba69-a86e-4294-981b-41cd258aff47.benchmark","/11?app_id=542a720e11bcae47&app_key=3b036486fa1eb4bb"
"d09c5600-c546-4012-b81a-49b0eadaea1a.benchmark","/1?app_id=f3af5d1d73014730&app_key=365c4b4b8d79d1da"
"aa20ba69-a86e-4294-981b-41cd258aff47.benchmark","/111?app_id=99083311358ae185&app_key=2433ebf171583c90"
"73642bdb-78ef-4054-aa2f-9a880f09dd39.benchmark","/1?user_key=1098fe1ef87f35d4"
"aa20ba69-a86e-4294-981b-41cd258aff47.benchmark","/1?app_id=549cfd07a3ffe5d5&app_key=7b1a0f49bffd2834"
"d09c5600-c546-4012-b81a-49b0eadaea1a.benchmark","/1?app_id=375522e6f122c915&app_key=1ed8bc3f64ba4485"
"aa20ba69-a86e-4294-981b-41cd258aff47.benchmark","/111?app_id=d3400910867a48ba&app_key=2f85726ca2c83f18"
"aa20ba69-a86e-4294-981b-41cd258aff47.benchmark","/1?app_id=e67d58a8db71557e&app_key=b5494c4dca94abe8"
"aa20ba69-a86e-4294-981b-41cd258aff47.benchmark","/1?app_id=bc7f26ee2a53e87e&app_key=ddf40ba47c439fbf"
"d09c5600-c546-4012-b81a-49b0eadaea1a.benchmark","/1?app_id=077f02ecd09fcde4&app_key=ad269a3cd643dd0e"
"d09c5600-c546-4012-b81a-49b0eadaea1a.benchmark","/1?app_id=246eabbd5fa59a36&app_key=cffe38ab5261f0c3"
"d09c5600-c546-4012-b81a-49b0eadaea1a.benchmark","/1?app_id=1ef138b1eeb90b69&app_key=14315427bb4f210a"
"aa20ba69-a86e-4294-981b-41cd258aff47.benchmark","/11?app_id=034c890dd56e523a&app_key=7b952a89a1eb2f6f"
"d09c5600-c546-4012-b81a-49b0eadaea1a.benchmark","/1?app_id=9a7f34e541a5bde3&app_key=e58356a29d54c468"
"d09c5600-c546-4012-b81a-49b0eadaea1a.benchmark","/1?app_id=9413e7e17a2cf8f4&app_key=be11036c7cec6209"
"73642bdb-78ef-4054-aa2f-9a880f09dd39.benchmark","/1?user_key=133c77598003551d"
"73642bdb-78ef-4054-aa2f-9a880f09dd39.benchmark","/1?user_key=6ae93a73a97d5e5e"
"73642bdb-78ef-4054-aa2f-9a880f09dd39.benchmark","/11?user_key=fe42f529a40333de"
"d09c5600-c546-4012-b81a-49b0eadaea1a.benchmark","/11?app_id=bf469a6942592e40&app_key=66dea47df768c9f0"
"aa20ba69-a86e-4294-981b-41cd258aff47.benchmark","/1?app_id=034c890dd56e523a&app_key=7b952a89a1eb2f6f"
"aa20ba69-a86e-4294-981b-41cd258aff47.benchmark","/1?app_id=a279fdee49edd94f&app_key=1b3c0930dc428bf7"
"73642bdb-78ef-4054-aa2f-9a880f09dd39.benchmark","/11?user_key=6e277cbbc60a3511"
"73642bdb-78ef-4054-aa2f-9a880f09dd39.benchmark","/1?user_key=813d425b1baf71b5"
"d09c5600-c546-4012-b81a-49b0eadaea1a.benchmark","/111?app_id=727f2e47f16a5949&app_key=1b8b2628444e3e78"
"73642bdb-78ef-4054-aa2f-9a880f09dd39.benchmark","/11?user_key=c88471e885c57187"
"73642bdb-78ef-4054-aa2f-9a880f09dd39.benchmark","/1?user_key=aecb587e8aa997b0"
"d09c5600-c546-4012-b81a-49b0eadaea1a.benchmark","/1?app_id=bc2f28a605c913e0&app_key=174437ac48fffbb6"
"d09c5600-c546-4012-b81a-49b0eadaea1a.benchmark","/1?app_id=4a45b9df90f503df&app_key=5ca8ce03bc645f27"
"aa20ba69-a86e-4294-981b-41cd258aff47.benchmark","/1?app_id=43980f72be0bcad9&app_key=e68ba01b48d3483c"
"73642bdb-78ef-4054-aa2f-9a880f09dd39.benchmark","/1?user_key=39ad8c6b4c0c6a73"
"d09c5600-c546-4012-b81a-49b0eadaea1a.benchmark","/1?app_id=c38a1b3b1ec27192&app_key=24e1281d6a8ea630"
"aa20ba69-a86e-4294-981b-41cd258aff47.benchmark","/1?app_id=cc51dc591e96fab0&app_key=a384b27550323618"
"aa20ba69-a86e-4294-981b-41cd258aff47.benchmark","/1?app_id=3883d8f8ea02cc5e&app_key=f3f7cbf4e3178ae8"
"d09c5600-c546-4012-b81a-49b0eadaea1a.benchmark","/1?app_id=bf469a6942592e40&app_key=66dea47df768c9f0"
"73642bdb-78ef-4054-aa2f-9a880f09dd39.benchmark","/1?user_key=902f17408d58f6f2"
"aa20ba69-a86e-4294-981b-41cd258aff47.benchmark","/1?app_id=b827bcff78e28d38&app_key=c8fd756c29ffe236"
"d09c5600-c546-4012-b81a-49b0eadaea1a.benchmark","/1?app_id=fd4875443c6508ed&app_key=4cd47839e502df23"
"aa20ba69-a86e-4294-981b-41cd258aff47.benchmark","/111?app_id=bd59f4f8b0e0bf8e&app_key=72c824d0336dd443"
"73642bdb-78ef-4054-aa2f-9a880f09dd39.benchmark","/1?user_key=be2d7c417ef733c7"
"73642bdb-78ef-4054-aa2f-9a880f09dd39.benchmark","/111?user_key=c1a394b5ac7512c2"
"d09c5600-c546-4012-b81a-49b0eadaea1a.benchmark","/1?app_id=96f39ae99fd95a67&app_key=6e68a524d4861ea0"
"d09c5600-c546-4012-b81a-49b0eadaea1a.benchmark","/11?app_id=e921b50bb7617dc9&app_key=4f17124081d213d9"
"73642bdb-78ef-4054-aa2f-9a880f09dd39.benchmark","/1?user_key=51010919da7bde2d"
"73642bdb-78ef-4054-aa2f-9a880f09dd39.benchmark","/11?user_key=253b5dd479cf0ff6"
"d09c5600-c546-4012-b81a-49b0eadaea1a.benchmark","/11?app_id=4a45b9df90f503df&app_key=5ca8ce03bc645f27"
"aa20ba69-a86e-4294-981b-41cd258aff47.benchmark","/11?app_id=542a720e11bcae47&app_key=3b036486fa1eb4bb"
"aa20ba69-a86e-4294-981b-41cd258aff47.benchmark","/11?app_id=725d8e3d426b16dc&app_key=df22d8c3257699fe"
"73642bdb-78ef-4054-aa2f-9a880f09dd39.benchmark","/1?user_key=5ee41a5782df530e"
"73642bdb-78ef-4054-aa2f-9a880f09dd39.benchmark","/1?user_key=a5f6d272d674e27f"
"aa20ba69-a86e-4294-981b-41cd258aff47.benchmark","/1?app_id=658ef47bca778a09&app_key=c21238c1c71a1e35"
"d09c5600-c546-4012-b81a-49b0eadaea1a.benchmark","/11?app_id=0d09a253110e8231&app_key=58929740bc09ba9b"
"73642bdb-78ef-4054-aa2f-9a880f09dd39.benchmark","/1?user_key=48873bfdd3692fc6"
"aa20ba69-a86e-4294-981b-41cd258aff47.benchmark","/1?app_id=168b0fd52dd30a7e&app_key=660d16170cce9d82"
"aa20ba69-a86e-4294-981b-41cd258aff47.benchmark","/1?app_id=ef33ece14f9cd7ca&app_key=cbf06921d90fcd2b"
"d09c5600-c546-4012-b81a-49b0eadaea1a.benchmark","/11?app_id=3e25021d08cee145&app_key=914bcb605148ee1d"
"d09c5600-c546-4012-b81a-49b0eadaea1a.benchmark","/111?app_id=7dfad494b57172ca&app_key=5f7df3d33a9a1d72"
"73642bdb-78ef-4054-aa2f-9a880f09dd39.benchmark","/1?user_key=fbe50f866779bd1f"
"d09c5600-c546-4012-b81a-49b0eadaea1a.benchmark","/1?app_id=093e94ef90375a87&app_key=486b460469ab35f6"
"aa20ba69-a86e-4294-981b-41cd258aff47.benchmark","/1?app_id=d2d3896ee5e8f642&app_key=b217b8f0a8c62709"
"d09c5600-c546-4012-b81a-49b0eadaea1a.benchmark","/1?app_id=d5a06c3c5eb243a4&app_key=1eaf29662b3ee9ac"
"d09c5600-c546-4012-b81a-49b0eadaea1a.benchmark","/1?app_id=55863d8b7fbf83d8&app_key=893f0c071ea1812a"
"d09c5600-c546-4012-b81a-49b0eadaea1a.benchmark","/1?app_id=bc2f28a605c913e0&app_key=174437ac48fffbb6"
"d09c5600-c546-4012-b81a-49b0eadaea1a.benchmark","/1?app_id=0ffb58a15a966084&app_key=1f8eea3ff8631a9f"
"73642bdb-78ef-4054-aa2f-9a880f09dd39.benchmark","/11?user_key=af07c3302d1f2915"
"aa20ba69-a86e-4294-981b-41cd258aff47.benchmark","/1?app_id=70afb3ee1ffa6eac&app_key=bdecd97d97325bb4"
"d09c5600-c546-4012-b81a-49b0eadaea1a.benchmark","/1?app_id=2695dd3bf21faa79&app_key=d69c67454f2d010b"
"73642bdb-78ef-4054-aa2f-9a880f09dd39.benchmark","/11?user_key=f73406a228cca682"
"73642bdb-78ef-4054-aa2f-9a880f09dd39.benchmark","/1?user_key=648f65237007f946"
"d09c5600-c546-4012-b81a-49b0eadaea1a.benchmark","/1?app_id=fd4875443c6508ed&app_key=4cd47839e502df23"
"73642bdb-78ef-4054-aa2f-9a880f09dd39.benchmark","/1?user_key=cfee0901011716c9"
"73642bdb-78ef-4054-aa2f-9a880f09dd39.benchmark","/111?user_key=902f17408d58f6f2"
"aa20ba69-a86e-4294-981b-41cd258aff47.benchmark","/1?app_id=7b9ae7d0dfc4c6a2&app_key=2f6690dc1d43fa67"
"d09c5600-c546-4012-b81a-49b0eadaea1a.benchmark","/11?app_id=aed3b8750b1a0e87&app_key=45c24591feeed8d7"
"aa20ba69-a86e-4294-981b-41cd258aff47.benchmark","/1?app_id=865e00185e936ad6&app_key=deb66f44e8b5a258"
"aa20ba69-a86e-4294-981b-41cd258aff47.benchmark","/1?app_id=109df8539d75c331&app_key=0592bb82f9251e4b"
"aa20ba69-a86e-4294-981b-41cd258aff47.benchmark","/11?app_id=31468bcb0b1a59fa&app_key=18d44e0bbfbf04fe"
"73642bdb-78ef-4054-aa2f-9a880f09dd39.benchmark","/1?user_key=902f17408d58f6f2"
"aa20ba69-a86e-4294-981b-41cd258aff47.benchmark","/11?app_id=b11a21887f3d6c79&app_key=bcc6f706b47d7681"
"d09c5600-c546-4012-b81a-49b0eadaea1a.benchmark","/1?app_id=2695dd3bf21faa79&app_key=d69c67454f2d010b"
"73642bdb-78ef-4054-aa2f-9a880f09dd39.benchmark","/11?user_key=648f65237007f946"
"d09c5600-c546-4012-b81a-49b0eadaea1a.benchmark","/1?app_id=ed8050d54fd678ab&app_key=37884d7812f4bd0b"
"aa20ba69-a86e-4294-981b-41cd258aff47.benchmark","/11?app_id=0d5e48f190482c77&app_key=326db691defa3566"
"aa20ba69-a86e-4294-981b-41cd258aff47.benchmark","/11?app_id=55c7d1f32a6afe79&app_key=56a5123c79262628"
"aa20ba69-a86e-4294-981b-41cd258aff47.benchmark","/1?app_id=a279fdee49edd94f&app_key=1b3c0930dc428bf7"
"73642bdb-78ef-4054-aa2f-9a880f09dd39.benchmark","/1?user_key=6e277cbbc60a3511"
"aa20ba69-a86e-4294-981b-41cd258aff47.benchmark","/1?app_id=6c56df5a3fdfe24a&app_key=fd4265ebd7fdbe6e"
"aa20ba69-a86e-4294-981b-41cd258aff47.benchmark","/1?app_id=c07cfbbc55356b51&app_key=1db8011cfe9e7d0d"
"d09c5600-c546-4012-b81a-49b0eadaea1a.benchmark","/1?app_id=4e2adde02aca9717&app_key=70a0dd2a7965a720"
"73642bdb-78ef-4054-aa2f-9a880f09dd39.benchmark","/1?user_key=0ea57a53a086679c"
"73642bdb-78ef-4054-aa2f-9a880f09dd39.benchmark","/111?user_key=915cb893c1daead0"
"aa20ba69-a86e-4294-981b-41cd258aff47.benchmark","/1?app_id=542a720e11bcae47&app_key=3b036486fa1eb4bb"
"d09c5600-c546-4012-b81a-49b0eadaea1a.benchmark","/1?app_id=727f2e47f16a5949&app_key=1b8b2628444e3e78"
"73642bdb-78ef-4054-aa2f-9a880f09dd39.benchmark","/1?user_key=d73b8a914eca1119"
"73642bdb-78ef-4054-aa2f-9a880f09dd39.benchmark","/1?user_key=03321092dfa29dfb"
"73642bdb-78ef-4054-aa2f-9a880f09dd39.benchmark","/1?user_key=068bac5a46abe015"
"d09c5600-c546-4012-b81a-49b0eadaea1a.benchmark","/1?app_id=e921b50bb7617dc9&app_key=4f17124081d213d9"
"d09c5600-c546-4012-b81a-49b0eadaea1a.benchmark","/1?app_id=9413e7e17a2cf8f4&app_key=be11036c7cec6209"
"aa20ba69-a86e-4294-981b-41cd258aff47.benchmark","/1?app_id=ef33ece14f9cd7ca&app_key=cbf06921d90fcd2b"
"d09c5600-c546-4012-b81a-49b0eadaea1a.benchmark","/1?app_id=fd4875443c6508ed&app_key=4cd47839e502df23"
"73642bdb-78ef-4054-aa2f-9a880f09dd39.benchmark","/1?user_key=5ee41a5782df530e"
"73642bdb-78ef-4054-aa2f-9a880f09dd39.benchmark","/111?user_key=134175848034dd64"
"d09c5600-c546-4012-b81a-49b0eadaea1a.benchmark","/111?app_id=1c7eba99b7ceb0ce&app_key=95cb528fe2852385"
"aa20ba69-a86e-4294-981b-41cd258aff47.benchmark","/11?app_id=103e6ed23fa3bdd4&app_key=4e39b4a0fbe7ae81"
"73642bdb-78ef-4054-aa2f-9a880f09dd39.benchmark","/1?user_key=94716b1a21a177b1"
"d09c5600-c546-4012-b81a-49b0eadaea1a.benchmark","/1?app_id=4036ffae5c6a7ec3&app_key=6dbc8d0ea53ea5d8"
"73642bdb-78ef-4054-aa2f-9a880f09dd39.benchmark","/11?user_key=e68ee2c898af46f6"
"aa20ba69-a86e-4294-981b-41cd258aff47.benchmark","/11?app_id=109df8539d75c331&app_key=0592bb82f9251e4b"
"aa20ba69-a86e-4294-981b-41cd258aff47.benchmark","/1?app_id=c137e411c7f66b60&app_key=add9bbd365a13237"
"d09c5600-c546-4012-b81a-49b0eadaea1a.benchmark","/111?app_id=7ddf619a576ec4ba&app_key=a7951fdf6b146805"
"73642bdb-78ef-4054-aa2f-9a880f09dd39.benchmark","/1?user_key=04ebab1556b0616d"
"aa20ba69-a86e-4294-981b-41cd258aff47.benchmark","/1?app_id=9b001449475eebd8&app_key=04c5ea9d30b165e8"
"d09c5600-c546-4012-b81a-49b0eadaea1a.benchmark","/1?app_id=3dda444034bfd95e&app_key=ac58d4475f21143e"
"d09c5600-c546-4012-b81a-49b0eadaea1a.benchmark","/1?app_id=fd4875443c6508ed&app_key=4cd47839e502df23"
"aa20ba69-a86e-4294-981b-41cd258aff47.benchmark","/111?app_id=da30f982a2e7a567&app_key=f69e3a6328a8dbd8"
"d09c5600-c546-4012-b81a-49b0eadaea1a.benchmark","/1?app_id=453a4149cada5972&app_key=ff535b192545a5ad"
"73642bdb-78ef-4054-aa2f-9a880f09dd39.benchmark","/1?user_key=813d425b1baf71b5"
"73642bdb-78ef-4054-aa2f-9a880f09dd39.benchmark","/111?user_key=fbe50f866779bd1f"
"aa20ba69-a86e-4294-981b-41cd258aff47.benchmark","/1?app_id=00a05ab24c4476ee&app_key=55b1fd3d5cbcc14a"
"d09c5600-c546-4012-b81a-49b0eadaea1a.benchmark","/1?app_id=70ad171e4de203e2&app_key=060962e8206c601b"
"aa20ba69-a86e-4294-981b-41cd258aff47.benchmark","/11?app_id=034c890dd56e523a&app_key=7b952a89a1eb2f6f"
"d09c5600-c546-4012-b81a-49b0eadaea1a.benchmark","/11?app_id=3e25021d08cee145&app_key=914bcb605148ee1d"
"d09c5600-c546-4012-b81a-49b0eadaea1a.benchmark","/1?app_id=5a2c47527134bad1&app_key=e7855da31e6c87f9"
"73642bdb-78ef-4054-aa2f-9a880f09dd39.benchmark","/1?user_key=203c9c5e845e99b4"
"73642bdb-78ef-4054-aa2f-9a880f09dd39.benchmark","/1?user_key=b30e75edd1474820"
"73642bdb-78ef-4054-aa2f-9a880f09dd39.benchmark","/1?user_key=5ee41a5782df530e"
"73642bdb-78ef-4054-aa2f-9a880f09dd39.benchmark","/1?user_key=39ad8c6b4c0c6a73"
"d09c5600-c546-4012-b81a-49b0eadaea1a.benchmark","/1?app_id=dfd41c2a08d2ecef&app_key=4f0198b045139972"
"aa20ba69-a86e-4294-981b-41cd258aff47.benchmark","/1?app_id=ef33ece14f9cd7ca&app_key=cbf06921d90fcd2b"
"73642bdb-78ef-4054-aa2f-9a880f09dd39.benchmark","/11?user_key=d73b8a914eca1119"
"aa20ba69-a86e-4294-981b-41cd258aff47.benchmark","/1?app_id=cc51dc591e96fab0&app_key=a384b27550323618"
"73642bdb-78ef-4054-aa2f-9a880f09dd39.benchmark","/1?user_key=c2af90822f44298d"
"73642bdb-78ef-4054-aa2f-9a880f09dd39.benchmark","/1?user_key=602f8c08452e88fa"
"73642bdb-78ef-4054-aa2f-9a880f09dd39.benchmark","/1?user_key=8d0ef3bd83bb6c7c"
"d09c5600-c546-4012-b81a-49b0eadaea1a.benchmark","/1?app_id=246eabbd5fa59a36&app_key=cffe38ab5261f0c3"
"d09c5600-c546-4012-b81a-49b0eadaea1a.benchmark","/11?app_id=ded7a874e510cbcd&app_key=32a6e04d08986cec"
"d09c5600-c546-4012-b81a-49b0eadaea1a.benchmark","/11?app_id=3e25021d08cee145&app_key=914bcb605148ee1d"
"d09c5600-c546-4012-b81a-49b0eadaea1a.benchmark","/1?app_id=96acf66c71064303&app_key=63dd08721d1cb719"
"d09c5600-c546-4012-b81a-49b0eadaea1a.benchmark","/1?app_id=8b8fd771bb0ab7e1&app_key=d148adf53bb773a8"
"aa20ba69-a86e-4294-981b-41cd258aff47.benchmark","/1?app_id=e522334641f9c2e6&app_key=ab490665e5a0906c"
"d09c5600-c546-4012-b81a-49b0eadaea1a.benchmark","/11?app_id=948cec54873d2f7b&app_key=c97be73d1d0f9e24"
"aa20ba69-a86e-4294-981b-41cd258aff47.benchmark","/1?app_id=bc7f26ee2a53e87e&app_key=ddf40ba47c439fbf"
"73642bdb-78ef-4054-aa2f-9a880f09dd39.benchmark","/11?user_key=710fd3e36435d03d"
"d09c5600-c546-4012-b81a-49b0eadaea1a.benchmark","/1?app_id=077f02ecd09fcde4&app_key=ad269a3cd643dd0e"
"d09c5600-c546-4012-b81a-49b0eadaea1a.benchmark","/1?app_id=0d09a253110e8231&app_key=58929740bc09ba9b"
"73642bdb-78ef-4054-aa2f-9a880f09dd39.benchmark","/1?user_key=9232981aef44f2c8"
"73642bdb-78ef-4054-aa2f-9a880f09dd39.benchmark","/1?user_key=648f65237007f946"
"aa20ba69-a86e-4294-981b-41cd258aff47.benchmark","/11?app_id=9b001449475eebd8&app_key=04c5ea9d30b165e8"
"d09c5600-c546-4012-b81a-49b0eadaea1a.benchmark","/1?app_id=bf469a6942592e40&app_key=66dea47df768c9f0"
"d09c5600-c546-4012-b81a-49b0eadaea1a.benchmark","/1?app_id=0ffb58a15a966084&app_key=1f8eea3ff8631a9f"
"73642bdb-78ef-4054-aa2f-9a880f09dd39.benchmark","/1?user_key=915cb893c1daead0"
"aa20ba69-a86e-4294-981b-41cd258aff47.benchmark","/1?app_id=d076f4c02e628ac3&app_key=454c285f0517772a"
"d09c5600-c546-4012-b81a-49b0eadaea1a.benchmark","/1?app_id=9f26966f20400c26&app_key=d92691985236de63"
"aa20ba69-a86e-4294-981b-41cd258aff47.benchmark","/1?app_id=78f3a197c931b3ad&app_key=2c2fed891d957ffb"
"d09c5600-c546-4012-b81a-49b0eadaea1a.benchmark","/1?app_id=7566a77478657f40&app_key=78bd93bf63ec548a"
"73642bdb-78ef-4054-aa2f-9a880f09dd39.benchmark","/1?user_key=55c2618c1a6c7258"
"aa20ba69-a86e-4294-981b-41cd258aff47.benchmark","/1?app_id=094fb5509ee314d3&app_key=6126aac59abb4745"
"73642bdb-78ef-4054-aa2f-9a880f09dd39.benchmark","/1?user_key=c88471e885c57187"
"aa20ba69-a86e-4294-981b-41cd258aff47.benchmark","/1?app_id=1692c466b42d054f&app_key=5fbf732d8fba2b7c"
"73642bdb-78ef-4054-aa2f-9a880f09dd39.benchmark","/1?user_key=2640c29b7fb483d1"
"aa20ba69-a86e-4294-981b-41cd258aff47.benchmark","/1?app_id=12d5890319dfb097&app_key=c3c275e4a2492dde"
"73642bdb-78ef-4054-aa2f-9a880f09dd39.benchmark","/1?user_key=e63b5af21339ae5a"
"d09c5600-c546-4012-b81a-49b0eadaea1a.benchmark","/1?app_id=32311314673da692&app_key=5244e14b7a300c24"
"aa20ba69-a86e-4294-981b-41cd258aff47.benchmark","/1?app_id=31468bcb0b1a59fa&app_key=18d44e0bbfbf04fe"
"aa20ba69-a86e-4294-981b-41cd258aff47.benchmark","/1?app_id=168b0fd52dd30a7e&app_key=660d16170cce9d82"
"73642bdb-78ef-4054-aa2f-9a880f09dd39.benchmark","/1?user_key=608dca8a0d4eafd2"
"aa20ba69-a86e-4294-981b-41cd258aff47.benchmark","/11?app_id=37d07bf2e68086e4&app_key=75fa5623520fac39"
"aa20ba69-a86e-4294-981b-41cd258aff47.benchmark","/1?app_id=b11a21887f3d6c79&app_key=bcc6f706b47d7681"
"73642bdb-78ef-4054-aa2f-9a880f09dd39.benchmark","/1?user_key=48873bfdd3692fc6"
"aa20ba69-a86e-4294-981b-41cd258aff47.benchmark","/11?app_id=85bbd56877269603&app_key=e483f06a4b45422c"
"aa20ba69-a86e-4294-981b-41cd258aff47.benchmark","/1?app_id=bd59f4f8b0e0bf8e&app_key=72c824d0336dd443"
"d09c5600-c546-4012-b81a-49b0eadaea1a.benchmark","/1?app_id=2024a01d5289dd44&app_key=18f0feee4b8e145b"
"d09c5600-c546-4012-b81a-49b0eadaea1a.benchmark","/1?app_id=9413e7e17a2cf8f4&app_key=be11036c7cec6209"
"d09c5600-c546-4012-b81a-49b0eadaea1a.benchmark","/1?app_id=b140b09a986cdcdf&app_key=ae023e7cbf39d9ed"
"d09c5600-c546-4012-b81a-49b0eadaea1a.benchmark","/1?app_id=10e9b125ebf5c71a&app_key=ab4308e97369fd02"
"d09c5600-c546-4012-b81a-49b0eadaea1a.benchmark","/1?app_id=d5ef314ac948cb9d&app_key=342e0ce2c3b4643f"
"aa20ba69-a86e-4294-981b-41cd258aff47.benchmark","/1?app_id=ebf2bf29b724029e&app_key=b63c4f29b2b80b71"
"d09c5600-c546-4012-b81a-49b0eadaea1a.benchmark","/111?app_id=3e25021d08cee145&app_key=914bcb605148ee1d"
"d09c5600-c546-4012-b81a-49b0eadaea1a.benchmark","/1?app_id=861646c4e8c4a806&app_key=066299d5826be424"
"d09c5600-c546-4012-b81a-49b0eadaea1a.benchmark","/11?app_id=9fbe7b50818e69bf&app_key=329432d3f706a2cb"
"73642bdb-78ef-4054-aa2f-9a880f09dd39.benchmark","/1?user_key=fe42f529a40333de"
"73642bdb-78ef-4054-aa2f-9a880f09dd39.benchmark","/1?user_key=b447b84754400403"
"d09c5600-c546-4012-b81a-49b0eadaea1a.benchmark","/1?app_id=d840602ec74f23dd&app_key=f8724a54fefd52c5"
"73642bdb-78ef-4054-aa2f-9a880f09dd39.benchmark","/11?user_key=cf7b9bc68a6d9973"
"d09c5600-c546-4012-b81a-49b0eadaea1a.benchmark","/1?app_id=61d76625f2ba4b3b&app_key=a818359fc0b0b2e1"
"aa20ba69-a86e-4294-981b-41cd258aff47.benchmark","/1?app_id=a14c352e082add49&app_key=354e1e2c30c1c24d"
"73642bdb-78ef-4054-aa2f-9a880f09dd39.benchmark","/1?user_key=99f4c008adf15fcf"
"73642bdb-78ef-4054-aa2f-9a880f09dd39.benchmark","/1?user_key=1098fe1ef87f35d4"
"aa20ba69-a86e-4294-981b-41cd258aff47.benchmark","/11?app_id=4df624dfd00026c8&app_key=199b6377a9db9bc2"
"d09c5600-c546-4012-b81a-49b0eadaea1a.benchmark","/1?app_id=801da5f52bd9e20c&app_key=426b41f3cdb88446"
"73642bdb-78ef-4054-aa2f-9a880f09dd39.benchmark","/1?user_key=39ad8c6b4c0c6a73"
"aa20ba69-a86e-4294-981b-41cd258aff47.benchmark","/1?app_id=70afb3ee1ffa6eac&app_key=bdecd97d97325bb4"
"d09c5600-c546-4012-b81a-49b0eadaea1a.benchmark","/1?app_id=bd27ba2a45421560&app_key=114409bafbccb7a6"
"73642bdb-78ef-4054-aa2f-9a880f09dd39.benchmark","/1?user_key=1b20fd6f622e99b0"
"aa20ba69-a86e-4294-981b-41cd258aff47.benchmark","/111?app_id=034c890dd56e523a&app_key=7b952a89a1eb2f6f"
"aa20ba69-a86e-4294-981b-41cd258aff47.benchmark","/11?app_id=c137e411c7f66b60&app_key=add9bbd365a13237"
"73642bdb-78ef-4054-aa2f-9a880f09dd39.benchmark","/11?user_key=86359872281f4d96"
"d09c5600-c546-4012-b81a-49b0eadaea1a.benchmark","/11?app_id=bf469a6942592e40&app_key=66dea47df768c9f0"
"aa20ba69-a86e-4294-981b-41cd258aff47.benchmark","/1?app_id=d3400910867a48ba&app_key=2f85726ca2c83f18"
"aa20ba69-a86e-4294-981b-41cd258aff47.benchmark","/11?app_id=e67d58a8db71557e&app_key=b5494c4dca94abe8"
"d09c5600-c546-4012-b81a-49b0eadaea1a.benchmark","/1?app_id=da7d2085358ad660&app_key=34dd986a5a2a7a7f"
"aa20ba69-a86e-4294-981b-41cd258aff47.benchmark","/1?app_id=cc51dc591e96fab0&app_key=a384b27550323618"
"aa20ba69-a86e-4294-981b-41cd258aff47.benchmark","/1?app_id=369b219a3f9e5ec8&app_key=2e7ae1acf66a6e38"
"aa20ba69-a86e-4294-981b-41cd258aff47.benchmark","/111?app_id=7533d43e144728c9&app_key=5e79d2d0aaf2899c"
"d09c5600-c546-4012-b81a-49b0eadaea1a.benchmark","/11?app_id=9ee5ac8a8a7f5958&app_key=d1dfe783a583f24c"
"d09c5600-c546-4012-b81a-49b0eadaea1a.benchmark","/1?app_id=f14c27c796eec191&app_key=69d7bb784f7dc0e3"
"73642bdb-78ef-4054-aa2f-9a880f09dd39.benchmark","/1?user_key=095c8f80f910bb96"
"73642bdb-78ef-4054-aa2f-9a880f09dd39.benchmark","/1?user_key=902f17408d58f6f2"
"aa20ba69-a86e-4294-981b-41cd258aff47.benchmark","/1?app_id=eb8f468a5462ba24&app_key=e5c4157641168103"
"d09c5600-c546-4012-b81a-49b0eadaea1a.benchmark","/1?app_id=31faa916ce000c7e&app_key=1fd85c55a8be7d04"
"d09c5600-c546-4012-b81a-49b0eadaea1a.benchmark","/1?app_id=093e94ef90375a87&app_key=486b460469ab35f6"
"d09c5600-c546-4012-b81a-49b0eadaea1a.benchmark","/1?app_id=5a2c47527134bad1&app_key=e7855da31e6c87f9"
"73642bdb-78ef-4054-aa2f-9a880f09dd39.benchmark","/1?user_key=7c80cd35c92451ec"
"73642bdb-78ef-4054-aa2f-9a880f09dd39.benchmark","/111?user_key=e885ffd2aab1bb35"
"aa20ba69-a86e-4294-981b-41cd258aff47.benchmark","/111?app_id=52768af886012911&app_key=153bdaa8d983a134"
"aa20ba69-a86e-4294-981b-41cd258aff47.benchmark","/1?app_id=43980f72be0bcad9&app_key=e68ba01b48d3483c"
"73642bdb-78ef-4054-aa2f-9a880f09dd39.benchmark","/1?user_key=55c2618c1a6c7258"
"aa20ba69-a86e-4294-981b-41cd258aff47.benchmark","/111?app_id=369b219a3f9e5ec8&app_key=2e7ae1acf66a6e38"
"73642bdb-78ef-4054-aa2f-9a880f09dd39.benchmark","/1?user_key=b99e164236f18d3e"
"d09c5600-c546-4012-b81a-49b0eadaea1a.benchmark","/111?app_id=3e25021d08cee145&app_key=914bcb605148ee1d"
"aa20ba69-a86e-4294-981b-41cd258aff47.benchmark","/1?app_id=bc7f26ee2a53e87e&app_key=ddf40ba47c439fbf"
"d09c5600-c546-4012-b81a-49b0eadaea1a.benchmark","/11?app_id=ea7542f3ef4ff6af&app_key=00ff650b4e0b8294"
"d09c5600-c546-4012-b81a-49b0eadaea1a.benchmark","/1?app_id=9ee5ac8a8a7f5958&app_key=d1dfe783a583f24c"
"d09c5600-c546-4012-b81a-49b0eadaea1a.benchmark","/11?app_id=da7d2085358ad660&app_key=34dd986a5a2a7a7f"
"aa20ba69-a86e-4294-981b-41cd258aff47.benchmark","/1?app_id=d2d3896ee5e8f642&app_key=b217b8f0a8c62709"
"aa20ba69-a86e-4294-981b-41cd258aff47.benchmark","/11?app_id=094fb5509ee314d3&app_key=6126aac59abb4745"
"73642bdb-78ef-4054-aa2f-9a880f09dd39.benchmark","/1?user_key=c2af90822f44298d"
"aa20ba69-a86e-4294-981b-41cd258aff47.benchmark","/1?app_id=ebf2bf29b724029e&app_key=b63c4f29b2b80b71"
"d09c5600-c546-4012-b81a-49b0eadaea1a.benchmark","/1?app_id=f25d88533a1cfd63&app_key=df8bce9a2327559c"
"73642bdb-78ef-4054-aa2f-9a880f09dd39.benchmark","/1?user_key=5ae5aba2abeea207"
"aa20ba69-a86e-4294-981b-41cd258aff47.benchmark","/11?app_id=094fb5509ee314d3&app_key=6126aac59abb4745"
"aa20ba69-a86e-4294-981b-41cd258aff47.benchmark","/11?app_id=542a720e11bcae47&app_key=3b036486fa1eb4bb"
"d09c5600-c546-4012-b81a-49b0eadaea1a.benchmark","/1?app_id=d6ab3beb57bca744&app_key=7fc7967b4722f3d8"
"d09c5600-c546-4012-b81a-49b0eadaea1a.benchmark","/1?app_id=ed8050d54fd678ab&app_key=37884d7812f4bd0b"
"73642bdb-78ef-4054-aa2f-9a880f09dd39.benchmark","/1?user_key=21da644f2089c058"
"aa20ba69-a86e-4294-981b-41cd258aff47.benchmark","/1?app_id=109df8539d75c331&app_key=0592bb82f9251e4b"
"73642bdb-78ef-4054-aa2f-9a880f09dd39.benchmark","/11?user_key=8178bd640f515749"
"d09c5600-c546-4012-b81a-49b0eadaea1a.benchmark","/1?app_id=7c28430d8c92d9db&app_key=52cc106edbb6dadd"
"aa20ba69-a86e-4294-981b-41cd258aff47.benchmark","/11?app_id=3883d8f8ea02cc5e&app_key=f3f7cbf4e3178ae8"
"73642bdb-78ef-4054-aa2f-9a880f09dd39.benchmark","/1?user_key=b447b84754400403"
"d09c5600-c546-4012-b81a-49b0eadaea1a.benchmark","/1?app_id=96f39ae99fd95a67&app_key=6e68a524d4861ea0"
"d09c5600-c546-4012-b81a-49b0eadaea1a.benchmark","/111?app_id=2b1a962ad2865797&app_key=6466419d08136a3d"
"d09c5600-c546-4012-b81a-49b0eadaea1a.benchmark","/11?app_id=32311314673da692&app_key=5244e14b7a300c24"
"73642bdb-78ef-4054-aa2f-9a880f09dd39.benchmark","/1?user_key=e099faec60292cc3"
"d09c5600-c546-4012-b81a-49b0eadaea1a.benchmark","/1?app_id=6f27388717b152ac&app_key=adf00549083d2eec"
"73642bdb-78ef-4054-aa2f-9a880f09dd39.benchmark","/11?user_key=21da644f2089c058"
"d09c5600-c546-4012-b81a-49b0eadaea1a.benchmark","/1?app_id=56d5fbcb806816b8&app_key=80d08c1d3b95ebba"
"d09c5600-c546-4012-b81a-49b0eadaea1a.benchmark","/11?app_id=2024a01d5289dd44&app_key=18f0feee4b8e145b"
"73642bdb-78ef-4054-aa2f-9a880f09dd39.benchmark","/1?user_key=f817fa60373c5b0a"
"d09c5600-c546-4012-b81a-49b0eadaea1a.benchmark","/1?app_id=762e04aae28b19a3&app_key=9532764440f6af72"
"d09c5600-c546-4012-b81a-49b0eadaea1a.benchmark","/1?app_id=e842fe7b1ab62606&app_key=74c9e471a2c5a097"
"73642bdb-78ef-4054-aa2f-9a880f09dd39.benchmark","/1?user_key=095c8f80f910bb96"
"d09c5600-c546-4012-b81a-49b0eadaea1a.benchmark","/1?app_id=d7795be0c9fdfe01&app_key=88f1ebab7591877b"
"aa20ba69-a86e-4294-981b-41cd258aff47.benchmark","/1?app_id=109df8539d75c331&app_key=0592bb82f9251e4b"
"73642bdb-78ef-4054-aa2f-9a880f09dd39.benchmark","/1?user_key=cfee0901011716c9"
"d09c5600-c546-4012-b81a-49b0eadaea1a.benchmark","/11?app_id=7765cdac7d722e3b&app_key=93260e9095007f07"
"73642bdb-78ef-4054-aa2f-9a880f09dd39.benchmark","/1?user_key=bbaf7b26dbfb8a3b"
"73642bdb-78ef-4054-aa2f-9a880f09dd39.benchmark","/1?user_key=2211a30874741129"
"d09c5600-c546-4012-b81a-49b0eadaea1a.benchmark","/11?app_id=b140b09a986cdcdf&app_key=ae023e7cbf39d9ed"
"aa20ba69-a86e-4294-981b-41cd258aff47.benchmark","/111?app_id=a14c352e082add49&app_key=354e1e2c30c1c24d"
"aa20ba69-a86e-4294-981b-41cd258aff47.benchmark","/11?app_id=27079d152b6681af&app_key=11262bdcc7fd32c7"
"d09c5600-c546-4012-b81a-49b0eadaea1a.benchmark","/111?app_id=80d94f9291c939c3&app_key=f11af35e6fe155e3"
"73642bdb-78ef-4054-aa2f-9a880f09dd39.benchmark","/1?user_key=40186e2dd8436158"
"aa20ba69-a86e-4294-981b-41cd258aff47.benchmark","/1?app_id=b827bcff78e28d38&app_key=c8fd756c29ffe236"
"d09c5600-c546-4012-b81a-49b0eadaea1a.benchmark","/1?app_id=7566a77478657f40&app_key=78bd93bf63ec548a"
"aa20ba69-a86e-4294-981b-41cd258aff47.benchmark","/11?app_id=e522334641f9c2e6&app_key=ab490665e5a0906c"
"aa20ba69-a86e-4294-981b-41cd258aff47.benchmark","/1?app_id=ba7a8c70ec1fa067&app_key=9b6b26b252c84d93"
"aa20ba69-a86e-4294-981b-41cd258aff47.benchmark","/1?app_id=18bc41077009b83e&app_key=c0a5e032f54a6534"
"73642bdb-78ef-4054-aa2f-9a880f09dd39.benchmark","/1?user_key=f817fa60373c5b0a"
"d09c5600-c546-4012-b81a-49b0eadaea1a.benchmark","/111?app_id=a11567ce85929114&app_key=feb42996fac0551d"
"aa20ba69-a86e-4294-981b-41cd258aff47.benchmark","/111?app_id=3883d8f8ea02cc5e&app_key=f3f7cbf4e3178ae8"
"d09c5600-c546-4012-b81a-49b0eadaea1a.benchmark","/1?app_id=38942fde40652f5f&app_key=828e956c5e3ec244"
"d09c5600-c546-4012-b81a-49b0eadaea1a.benchmark","/11?app_id=2024a01d5289dd44&app_key=18f0feee4b8e145b"
"d09c5600-c546-4012-b81a-49b0eadaea1a.benchmark","/11?app_id=f40e2c00323c5ffc&app_key=2df2e2c97959d061"
"aa20ba69-a86e-4294-981b-41cd258aff47.benchmark","/11?app_id=83f23609c2fc6afb&app_key=d5dfcfc38fbd2e1e"
"aa20ba69-a86e-4294-981b-41cd258aff47.benchmark","/111?app_id=c9b2b1e467738a2d&app_key=4015a03803c7ea7f"
"aa20ba69-a86e-4294-981b-41cd258aff47.benchmark","/1?app_id=f24f55a068ea5f5c&app_key=cdca839f19f961e7"
"d09c5600-c546-4012-b81a-49b0eadaea1a.benchmark","/11?app_id=727f2e47f16a5949&app_key=1b8b2628444e3e78"
"73642bdb-78ef-4054-aa2f-9a880f09dd39.benchmark","/1?user_key=cb7000a8fd9fbc9f"
"aa20ba69-a86e-4294-981b-41cd258aff47.benchmark","/1?app_id=e67d58a8db71557e&app_key=b5494c4dca94abe8"
"73642bdb-78ef-4054-aa2f-9a880f09dd39.benchmark","/1?user_key=9ca84309fc4d4bfc"
"aa20ba69-a86e-4294-981b-41cd258aff47.benchmark","/1?app_id=4df624dfd00026c8&app_key=199b6377a9db9bc2"
"73642bdb-78ef-4054-aa2f-9a880f09dd39.benchmark","/1?user_key=e099faec60292cc3"
"73642bdb-78ef-4054-aa2f-9a880f09dd39.benchmark","/1?user_key=f893df9ac6e1b633"
"d09c5600-c546-4012-b81a-49b0eadaea1a.benchmark","/111?app_id=9d7ecddf3fe121c1&app_key=029089a0723c932c"
"d09c5600-c546-4012-b81a-49b0eadaea1a.benchmark","/11?app_id=68434ab57f922093&app_key=214dc9d249b1f20d"
"aa20ba69-a86e-4294-981b-41cd258aff47.benchmark","/11?app_id=99083311358ae185&app_key=2433ebf171583c90"
"73642bdb-78ef-4054-aa2f-9a880f09dd39.benchmark","/111?user_key=03321092dfa29dfb"
"aa20ba69-a86e-4294-981b-41cd258aff47.benchmark","/1?app_id=2b58ea81d1371a1b&app_key=6c9645caaffe9741"
"d09c5600-c546-4012-b81a-49b0eadaea1a.benchmark","/1?app_id=9fbe7b50818e69bf&app_key=329432d3f706a2cb"
"73642bdb-78ef-4054-aa2f-9a880f09dd39.benchmark","/11?user_key=7b2f85f665f004c9"
"d09c5600-c546-4012-b81a-49b0eadaea1a.benchmark","/1?app_id=fd4875443c6508ed&app_key=4cd47839e502df23"
"73642bdb-78ef-4054-aa2f-9a880f09dd39.benchmark","/11?user_key=defc5d4d79907d3f"
"d09c5600-c546-4012-b81a-49b0eadaea1a.benchmark","/11?app_id=aed3b8750b1a0e87&app_key=45c24591feeed8d7"
"73642bdb-78ef-4054-aa2f-9a880f09dd39.benchmark","/11?user_key=8aff45dd53f5110c"
"d09c5600-c546-4012-b81a-49b0eadaea1a.benchmark","/111?app_id=1c7eba99b7ceb0ce&app_key=95cb528fe2852385"
"aa20ba69-a86e-4294-981b-41cd258aff47.benchmark","/1?app_id=43980f72be0bcad9&app_key=e68ba01b48d3483c"
"73642bdb-78ef-4054-aa2f-9a880f09dd39.benchmark","/1?user_key=21da644f2089c058"
"73642bdb-78ef-4054-aa2f-9a880f09dd39.benchmark","/1?user_key=b99e164236f18d3e"
"d09c5600-c546-4012-b81a-49b0eadaea1a.benchmark","/1?app_id=895c799bb4c8ddc1&app_key=6cee7a3def0e57c5"
"73642bdb-78ef-4054-aa2f-9a880f09dd39.benchmark","/111?user_key=18e922ac5dd61738"
"aa20ba69-a86e-4294-981b-41cd258aff47.benchmark","/1?app_id=dc80e67d7cd8f357&app_key=7da14cace325ba19"
"73642bdb-78ef-4054-aa2f-9a880f09dd39.benchmark","/1?user_key=1098fe1ef87f35d4"
"aa20ba69-a86e-4294-981b-41cd258aff47.benchmark","/1?app_id=ebf2bf29b724029e&app_key=b63c4f29b2b80b71"
"aa20ba69-a86e-4294-981b-41cd258aff47.benchmark","/11?app_id=f24f55a068ea5f5c&app_key=cdca839f19f961e7"
"d09c5600-c546-4012-b81a-49b0eadaea1a.benchmark","/1?app_id=453a4149cada5972&app_key=ff535b192545a5ad"
"d09c5600-c546-4012-b81a-49b0eadaea1a.benchmark","/1?app_id=3e25021d08cee145&app_key=914bcb605148ee1d"
"aa20ba69-a86e-4294-981b-41cd258aff47.benchmark","/1?app_id=b827bcff78e28d38&app_key=c8fd756c29ffe236"
"aa20ba69-a86e-4294-981b-41cd258aff47.benchmark","/111?app_id=fba695e34377ea47&app_key=f79a8e86f6f1f342"
"73642bdb-78ef-4054-aa2f-9a880f09dd39.benchmark","/11?user_key=83f15cf177366d3b"
"aa20ba69-a86e-4294-981b-41cd258aff47.benchmark","/11?app_id=b32aef8c7906c1db&app_key=8b4ebbe6c09a7695"
"d09c5600-c546-4012-b81a-49b0eadaea1a.benchmark","/1?app_id=861646c4e8c4a806&app_key=066299d5826be424"
"aa20ba69-a86e-4294-981b-41cd258aff47.benchmark","/11?app_id=28cd0670177c66ab&app_key=0b01418fdc5ac780"
"aa20ba69-a86e-4294-981b-41cd258aff47.benchmark","/1?app_id=a14c352e082add49&app_key=354e1e2c30c1c24d"
"aa20ba69-a86e-4294-981b-41cd258aff47.benchmark","/1?app_id=28cd0670177c66ab&app_key=0b01418fdc5ac780"
"aa20ba69-a86e-4294-981b-41cd258aff47.benchmark","/1?app_id=2f84a81ce534ff75&app_key=2a32d376eaa97740"
"73642bdb-78ef-4054-aa2f-9a880f09dd39.benchmark","/11?user_key=7f3147346bd3fcd6"
"d09c5600-c546-4012-b81a-49b0eadaea1a.benchmark","/11?app_id=334898b1e8ac1085&app_key=4ac8bb492de03757"
"aa20ba69-a86e-4294-981b-41cd258aff47.benchmark","/111?app_id=e522334641f9c2e6&app_key=ab490665e5a0906c"
"d09c5600-c546-4012-b81a-49b0eadaea1a.benchmark","/1?app_id=ea7542f3ef4ff6af&app_key=00ff650b4e0b8294"
"d09c5600-c546-4012-b81a-49b0eadaea1a.benchmark","/11?app_id=850493d9f5e48dcf&app_key=e49111542a32e386"
"d09c5600-c546-4012-b81a-49b0eadaea1a.benchmark","/1?app_id=4036ffae5c6a7ec3&app_key=6dbc8d0ea53ea5d8"
"73642bdb-78ef-4054-aa2f-9a880f09dd39.benchmark","/1?user_key=7c80cd35c92451ec"
"73642bdb-78ef-4054-aa2f-9a880f09dd39.benchmark","/1?user_key=813d425b1baf71b5"
"73642bdb-78ef-4054-aa2f-9a880f09dd39.benchmark","/1?user_key=134175848034dd64"
"aa20ba69-a86e-4294-981b-41cd258aff47.benchmark","/11?app_id=b11a21887f3d6c79&app_key=bcc6f706b47d7681"
"aa20ba69-a86e-4294-981b-41cd258aff47.benchmark","/1?app_id=ef33ece14f9cd7ca&app_key=cbf06921d90fcd2b"
"aa20ba69-a86e-4294-981b-41cd258aff47.benchmark","/11?app_id=fd55c360e394ceaf&app_key=996509da17b232c7"
"aa20ba69-a86e-4294-981b-41cd258aff47.benchmark","/1?app_id=27079d152b6681af&app_key=11262bdcc7fd32c7"
"73642bdb-78ef-4054-aa2f-9a880f09dd39.benchmark","/1?user_key=83f15cf177366d3b"
"d09c5600-c546-4012-b81a-49b0eadaea1a.benchmark","/11?app_id=325785911a02b9c1&app_key=842d1ba94806f5b2"
"aa20ba69-a86e-4294-981b-41cd258aff47.benchmark","/1?app_id=fd55c360e394ceaf&app_key=996509da17b232c7"
"aa20ba69-a86e-4294-981b-41cd258aff47.benchmark","/11?app_id=e496a5c780e2aadc&app_key=b75dd9cfd13fa071"
"73642bdb-78ef-4054-aa2f-9a880f09dd39.benchmark","/111?user_key=f893df9ac6e1b633"
"aa20ba69-a86e-4294-981b-41cd258aff47.benchmark","/11?app_id=cc51dc591e96fab0&app_key=a384b27550323618"
"aa20ba69-a86e-4294-981b-41cd258aff47.benchmark","/111?app_id=52768af886012911&app_key=153bdaa8d983a134"
"aa20ba69-a86e-4294-981b-41cd258aff47.benchmark","/1?app_id=d076f4c02e628ac3&app_key=454c285f0517772a"
"73642bdb-78ef-4054-aa2f-9a880f09dd39.benchmark","/1?user_key=cfe80a652c3b5401"
"d09c5600-c546-4012-b81a-49b0eadaea1a.benchmark","/11?app_id=9f26966f20400c26&app_key=d92691985236de63"
"d09c5600-c546-4012-b81a-49b0eadaea1a.benchmark","/1?app_id=7b86d154b723393f&app_key=6ef60359e4a501be"
"73642bdb-78ef-4054-aa2f-9a880f09dd39.benchmark","/1?user_key=cc1e2a9c213864ec"
"d09c5600-c546-4012-b81a-49b0eadaea1a.benchmark","/11?app_id=bf469a6942592e40&app_key=66dea47df768c9f0"
"aa20ba69-a86e-4294-981b-41cd258aff47.benchmark","/11?app_id=7539631b88a1e551&app_key=553c24a8cb7721ee"
"73642bdb-78ef-4054-aa2f-9a880f09dd39.benchmark","/1?user_key=c88471e885c57187"
"aa20ba69-a86e-4294-981b-41cd258aff47.benchmark","/11?app_id=1530e535ed757ca5&app_key=f76941330ffa3689"
"73642bdb-78ef-4054-aa2f-9a880f09dd39.benchmark","/11?user_key=55e8b7a626ef940b"
"73642bdb-78ef-4054-aa2f-9a880f09dd39.benchmark","/1?user_key=a5f6d272d674e27f"
"d09c5600-c546-4012-b81a-49b0eadaea1a.benchmark","/111?app_id=4759195daf8828f2&app_key=3ce6b2b0ea87bcd5"
"73642bdb-78ef-4054-aa2f-9a880f09dd39.benchmark","/11?user_key=48873bfdd3692fc6"
"d09c5600-c546-4012-b81a-49b0eadaea1a.benchmark","/1?app_id=2b1a962ad2865797&app_key=6466419d08136a3d"
"73642bdb-78ef-4054-aa2f-9a880f09dd39.benchmark","/11?user_key=981f0b9a1568e7a3"
"aa20ba69-a86e-4294-981b-41cd258aff47.benchmark","/1?app_id=00a05ab24c4476ee&app_key=55b1fd3d5cbcc14a"
"aa20ba69-a86e-4294-981b-41cd258aff47.benchmark","/1?app_id=9856829c6c566324&app_key=54d2c484d267d0fa"
"d09c5600-c546-4012-b81a-49b0eadaea1a.benchmark","/1?app_id=6acd852a4d872493&app_key=b00bdf59d9ed8e1f"
"d09c5600-c546-4012-b81a-49b0eadaea1a.benchmark","/111?app_id=3f33f6c395386498&app_key=636a005d8c0a68ec"
"aa20ba69-a86e-4294-981b-41cd258aff47.benchmark","/111?app_id=6c56df5a3fdfe24a&app_key=fd4265ebd7fdbe6e"
"aa20ba69-a86e-4294-981b-41cd258aff47.benchmark","/111?app_id=549cfd07a3ffe5d5&app_key=7b1a0f49bffd2834"
"d09c5600-c546-4012-b81a-49b0eadaea1a.benchmark","/11?app_id=3e54b8dfb62699f0&app_key=0577955732d9a48b"
"d09c5600-c546-4012-b81a-49b0eadaea1a.benchmark","/1?app_id=0d09a253110e8231&app_key=58929740bc09ba9b"
"aa20ba69-a86e-4294-981b-41cd258aff47.benchmark","/11?app_id=ef33ece14f9cd7ca&app_key=cbf06921d90fcd2b"
"73642bdb-78ef-4054-aa2f-9a880f09dd39.benchmark","/1?user_key=2d6411c63bcc4e7c"
"d09c5600-c546-4012-b81a-49b0eadaea1a.benchmark","/111?app_id=9413e7e17a2cf8f4&app_key=be11036c7cec6209"
"d09c5600-c546-4012-b81a-49b0eadaea1a.benchmark","/1?app_id=9f26966f20400c26&app_key=d92691985236de63"
"d09c5600-c546-4012-b81a-49b0eadaea1a.benchmark","/1?app_id=25576ecc2f5e5734&app_key=2262e5738f25afaf"
"d09c5600-c546-4012-b81a-49b0eadaea1a.benchmark","/1?app_id=8b8fd771bb0ab7e1&app_key=d148adf53bb773a8"
"d09c5600-c546-4012-b81a-49b0eadaea1a.benchmark","/11?app_id=ed8050d54fd678ab&app_key=37884d7812f4bd0b"
"73642bdb-78ef-4054-aa2f-9a880f09dd39.benchmark","/1?user_key=d73b8a914eca1119"
"d09c5600-c546-4012-b81a-49b0eadaea1a.benchmark","/111?app_id=861646c4e8c4a806&app_key=066299d5826be424"
"73642bdb-78ef-4054-aa2f-9a880f09dd39.benchmark","/1?user_key=7182f2bc15417610"
"73642bdb-78ef-4054-aa2f-9a880f09dd39.benchmark","/1?user_key=2640c29b7fb483d1"
"73642bdb-78ef-4054-aa2f-9a880f09dd39.benchmark","/1?user_key=61cb8d463689c380"
"d09c5600-c546-4012-b81a-49b0eadaea1a.benchmark","/1?app_id=322cd1dbae28a11e&app_key=374cc96d566dad98"
"aa20ba69-a86e-4294-981b-41cd258aff47.benchmark","/1?app_id=99083311358ae185&app_key=2433ebf171583c90"
"d09c5600-c546-4012-b81a-49b0eadaea1a.benchmark","/11?app_id=bd27ba2a45421560&app_key=114409bafbccb7a6"
"aa20ba69-a86e-4294-981b-41cd258aff47.benchmark","/111?app_id=fd55c360e394ceaf&app_key=996509da17b232c7"
"aa20ba69-a86e-4294-981b-41cd258aff47.benchmark","/111?app_id=4df624dfd00026c8&app_key=199b6377a9db9bc2"
"aa20ba69-a86e-4294-981b-41cd258aff47.benchmark","/1?app_id=e522334641f9c2e6&app_key=ab490665e5a0906c"
"73642bdb-78ef-4054-aa2f-9a880f09dd39.benchmark","/1?user_key=a5f6d272d674e27f"
"d09c5600-c546-4012-b81a-49b0eadaea1a.benchmark","/1?app_id=9d7ecddf3fe121c1&app_key=029089a0723c932c"
"d09c5600-c546-4012-b81a-49b0eadaea1a.benchmark","/1?app_id=bc2f28a605c913e0&app_key=174437ac48fffbb6"
"d09c5600-c546-4012-b81a-49b0eadaea1a.benchmark","/1?app_id=1c7eba99b7ceb0ce&app_key=95cb528fe2852385"
"d09c5600-c546-4012-b81a-49b0eadaea1a.benchmark","/111?app_id=2024a01d5289dd44&app_key=18f0feee4b8e145b"
"d09c5600-c546-4012-b81a-49b0eadaea1a.benchmark","/11?app_id=c38a1b3b1ec27192&app_key=24e1281d6a8ea630"
"aa20ba69-a86e-4294-981b-41cd258aff47.benchmark","/1?app_id=99083311358ae185&app_key=2433ebf171583c90"
"aa20ba69-a86e-4294-981b-41cd258aff47.benchmark","/11?app_id=ee0b7ee3c183b5fe&app_key=f1b1d2239440b53e"
"73642bdb-78ef-4054-aa2f-9a880f09dd39.benchmark","/11?user_key=d8910417239a50e8"
"73642bdb-78ef-4054-aa2f-9a880f09dd39.benchmark","/1?user_key=aecb587e8aa997b0"
"aa20ba69-a86e-4294-981b-41cd258aff47.benchmark","/1?app_id=034c890dd56e523a&app_key=7b952a89a1eb2f6f"
"d09c5600-c546-4012-b81a-49b0eadaea1a.benchmark","/1?app_id=9413e7e17a2cf8f4&app_key=be11036c7cec6209"
"aa20ba69-a86e-4294-981b-41cd258aff47.benchmark","/1?app_id=1692c466b42d054f&app_key=5fbf732d8fba2b7c"
"aa20ba69-a86e-4294-981b-41cd258aff47.benchmark","/1?app_id=b827bcff78e28d38&app_key=c8fd756c29ffe236"
"d09c5600-c546-4012-b81a-49b0eadaea1a.benchmark","/1?app_id=5df22f99dfb4ef0f&app_key=e04cb811fbbabed9"
"aa20ba69-a86e-4294-981b-41cd258aff47.benchmark","/1?app_id=cc8558edc1e1a8ee&app_key=a48138a538905bcb"
"73642bdb-78ef-4054-aa2f-9a880f09dd39.benchmark","/1?user_key=17c3f61f295cc0f3"
"73642bdb-78ef-4054-aa2f-9a880f09dd39.benchmark","/1?user_key=f893df9ac6e1b633"
"aa20ba69-a86e-4294-981b-41cd258aff47.benchmark","/11?app_id=70afb3ee1ffa6eac&app_key=bdecd97d97325bb4"
"73642bdb-78ef-4054-aa2f-9a880f09dd39.benchmark","/1?user_key=5c5d25dc0a7ec85e"
"73642bdb-78ef-4054-aa2f-9a880f09dd39.benchmark","/1?user_key=aecb587e8aa997b0"
"aa20ba69-a86e-4294-981b-41cd258aff47.benchmark","/111?app_id=090052c8ef2cfc8e&app_key=2e0b9f529024843d"
"aa20ba69-a86e-4294-981b-41cd258aff47.benchmark","/1?app_id=607231ea39637f69&app_key=07c01964cb10df1c"
"aa20ba69-a86e-4294-981b-41cd258aff47.benchmark","/111?app_id=00a05ab24c4476ee&app_key=55b1fd3d5cbcc14a"
"d09c5600-c546-4012-b81a-49b0eadaea1a.benchmark","/11?app_id=e6f118849acc3d70&app_key=c8b3e1ccd2a7e9e2"
"d09c5600-c546-4012-b81a-49b0eadaea1a.benchmark","/1?app_id=e842fe7b1ab62606&app_key=74c9e471a2c5a097"
"73642bdb-78ef-4054-aa2f-9a880f09dd39.benchmark","/1?user_key=2211a30874741129"
"aa20ba69-a86e-4294-981b-41cd258aff47.benchmark","/1?app_id=369b219a3f9e5ec8&app_key=2e7ae1acf66a6e38"
"d09c5600-c546-4012-b81a-49b0eadaea1a.benchmark","/111?app_id=5df22f99dfb4ef0f&app_key=e04cb811fbbabed9"
"aa20ba69-a86e-4294-981b-41cd258aff47.benchmark","/1?app_id=549cfd07a3ffe5d5&app_key=7b1a0f49bffd2834"
"d09c5600-c546-4012-b81a-49b0eadaea1a.benchmark","/1?app_id=e842fe7b1ab62606&app_key=74c9e471a2c5a097"
"73642bdb-78ef-4054-aa2f-9a880f09dd39.benchmark","/11?user_key=03321092dfa29dfb"
"d09c5600-c546-4012-b81a-49b0eadaea1a.benchmark","/11?app_id=077f02ecd09fcde4&app_key=ad269a3cd643dd0e"
"d09c5600-c546-4012-b81a-49b0eadaea1a.benchmark","/1?app_id=d7795be0c9fdfe01&app_key=88f1ebab7591877b"
"aa20ba69-a86e-4294-981b-41cd258aff47.benchmark","/11?app_id=7b9ae7d0dfc4c6a2&app_key=2f6690dc1d43fa67"
"aa20ba69-a86e-4294-981b-41cd258aff47.benchmark","/11?app_id=bd59f4f8b0e0bf8e&app_key=72c824d0336dd443"
"aa20ba69-a86e-4294-981b-41cd258aff47.benchmark","/11?app_id=28cd0670177c66ab&app_key=0b01418fdc5ac780"
"aa20ba69-a86e-4294-981b-41cd258aff47.benchmark","/1?app_id=d2d3896ee5e8f642&app_key=b217b8f0a8c62709"
"aa20ba69-a86e-4294-981b-41cd258aff47.benchmark","/1?app_id=094fb5509ee314d3&app_key=6126aac59abb4745"
"aa20ba69-a86e-4294-981b-41cd258aff47.benchmark","/1?app_id=cc51dc591e96fab0&app_key=a384b27550323618"
"73642bdb-78ef-4054-aa2f-9a880f09dd39.benchmark","/1?user_key=7182f2bc15417610"
"73642bdb-78ef-4054-aa2f-9a880f09dd39.benchmark","/11?user_key=253b5dd479cf0ff6"
"d09c5600-c546-4012-b81a-49b0eadaea1a.benchmark","/1?app_id=9fe5084fcdbc0a8e&app_key=d3d301e2d1b487ef"
"aa20ba69-a86e-4294-981b-41cd258aff47.benchmark","/11?app_id=bc7f26ee2a53e87e&app_key=ddf40ba47c439fbf"
"aa20ba69-a86e-4294-981b-41cd258aff47.benchmark","/11?app_id=8244258b4f9e1266&app_key=35086561bb804871"
"d09c5600-c546-4012-b81a-49b0eadaea1a.benchmark","/1?app_id=4e2adde02aca9717&app_key=70a0dd2a7965a720"
"73642bdb-78ef-4054-aa2f-9a880f09dd39.benchmark","/1?user_key=608dca8a0d4eafd2"
"aa20ba69-a86e-4294-981b-41cd258aff47.benchmark","/1?app_id=85bbd56877269603&app_key=e483f06a4b45422c"
"aa20ba69-a86e-4294-981b-41cd258aff47.benchmark","/11?app_id=eb8f468a5462ba24&app_key=e5c4157641168103"
"aa20ba69-a86e-4294-981b-41cd258aff47.benchmark","/1?app_id=775985b87b77c218&app_key=57af05d97c9c796d"
"73642bdb-78ef-4054-aa2f-9a880f09dd39.benchmark","/111?user_key=18e922ac5dd61738"
"73642bdb-78ef-4054-aa2f-9a880f09dd39.benchmark","/1?user_key=8aff45dd53f5110c"
"73642bdb-78ef-4054-aa2f-9a880f09dd39.benchmark","/111?user_key=f817fa60373c5b0a"
"aa20ba69-a86e-4294-981b-41cd258aff47.benchmark","/1?app_id=ba7a8c70ec1fa067&app_key=9b6b26b252c84d93"
"73642bdb-78ef-4054-aa2f-9a880f09dd39.benchmark","/1?user_key=5ee41a5782df530e"
"aa20ba69-a86e-4294-981b-41cd258aff47.benchmark","/11?app_id=af74c3655799a825&app_key=bab898d18659c07e"
"73642bdb-78ef-4054-aa2f-9a880f09dd39.benchmark","/1?user_key=9ca84309fc4d4bfc"
"aa20ba69-a86e-4294-981b-41cd258aff47.benchmark","/1?app_id=0ff0fc722c1bb06e&app_key=ca2ebec41860a5cc"
"d09c5600-c546-4012-b81a-49b0eadaea1a.benchmark","/11?app_id=334898b1e8ac1085&app_key=4ac8bb492de03757"
"d09c5600-c546-4012-b81a-49b0eadaea1a.benchmark","/1?app_id=e842fe7b1ab62606&app_key=74c9e471a2c5a097"
"aa20ba69-a86e-4294-981b-41cd258aff47.benchmark","/11?app_id=2f84a81ce534ff75&app_key=2a32d376eaa97740"
"aa20ba69-a86e-4294-981b-41cd258aff47.benchmark","/1?app_id=a9f1cc118439926d&app_key=8b064f4902cc322d"
"aa20ba69-a86e-4294-981b-41cd258aff47.benchmark","/11?app_id=9030f3fb737b6d02&app_key=2be3e7fe0959f31c"
"aa20ba69-a86e-4294-981b-41cd258aff47.benchmark","/111?app_id=7533d43e144728c9&app_key=5e79d2d0aaf2899c"
"73642bdb-78ef-4054-aa2f-9a880f09dd39.benchmark","/1?user_key=defc5d4d79907d3f"
"73642bdb-78ef-4054-aa2f-9a880f09dd39.benchmark","/11?user_key=cbd7605e49ec9e7e"
"aa20ba69-a86e-4294-981b-41cd258aff47.benchmark","/1?app_id=d076f4c02e628ac3&app_key=454c285f0517772a"
"aa20ba69-a86e-4294-981b-41cd258aff47.benchmark","/111?app_id=9030f3fb737b6d02&app_key=2be3e7fe0959f31c"
"73642bdb-78ef-4054-aa2f-9a880f09dd39.benchmark","/1?user_key=55e8b7a626ef940b"
"aa20ba69-a86e-4294-981b-41cd258aff47.benchmark","/1?app_id=9b001449475eebd8&app_key=04c5ea9d30b165e8"
"aa20ba69-a86e-4294-981b-41cd258aff47.benchmark","/11?app_id=cb8d775561db2b3f&app_key=4bf3eb6e33a9242a"
"d09c5600-c546-4012-b81a-49b0eadaea1a.benchmark","/1?app_id=4a45b9df90f503df&app_key=5ca8ce03bc645f27"
"73642bdb-78ef-4054-aa2f-9a880f09dd39.benchmark","/1?user_key=cbd7605e49ec9e7e"
"73642bdb-78ef-4054-aa2f-9a880f09dd39.benchmark","/1?user_key=2dbd5ae87ac2fa0e"
"d09c5600-c546-4012-b81a-49b0eadaea1a.benchmark","/1?app_id=d5a06c3c5eb243a4&app_key=1eaf29662b3ee9ac"
"aa20ba69-a86e-4294-981b-41cd258aff47.benchmark","/1?app_id=85bbd56877269603&app_key=e483f06a4b45422c"
"73642bdb-78ef-4054-aa2f-9a880f09dd39.benchmark","/1?user_key=94716b1a21a177b1"
"d09c5600-c546-4012-b81a-49b0eadaea1a.benchmark","/1?app_id=7765cdac7d722e3b&app_key=93260e9095007f07"
"d09c5600-c546-4012-b81a-49b0eadaea1a.benchmark","/1?app_id=e921b50bb7617dc9&app_key=4f17124081d213d9"
"73642bdb-78ef-4054-aa2f-9a880f09dd39.benchmark","/11?user_key=253b5dd479cf0ff6"
"73642bdb-78ef-4054-aa2f-9a880f09dd39.benchmark","/11?user_key=1b20fd6f622e99b0"
"d09c5600-c546-4012-b81a-49b0eadaea1a.benchmark","/1?app_id=4e2adde02aca9717&app_key=70a0dd2a7965a720"
"73642bdb-78ef-4054-aa2f-9a880f09dd39.benchmark","/1?user_key=7f3147346bd3fcd6"
"aa20ba69-a86e-4294-981b-41cd258aff47.benchmark","/1?app_id=6c56df5a3fdfe24a&app_key=fd4265ebd7fdbe6e"
"d09c5600-c546-4012-b81a-49b0eadaea1a.benchmark","/1?app_id=375522e6f122c915&app_key=1ed8bc3f64ba4485"
"73642bdb-78ef-4054-aa2f-9a880f09dd39.benchmark","/1?user_key=4510e3ef517b19bd"
"d09c5600-c546-4012-b81a-49b0eadaea1a.benchmark","/11?app_id=e9da637a4a7eb19c&app_key=5a839c52d6f9e756"
"73642bdb-78ef-4054-aa2f-9a880f09dd39.benchmark","/1?user_key=94716b1a21a177b1"
"d09c5600-c546-4012-b81a-49b0eadaea1a.benchmark","/1?app_id=4a45b9df90f503df&app_key=5ca8ce03bc645f27"
"73642bdb-78ef-4054-aa2f-9a880f09dd39.benchmark","/1?user_key=17c3f61f295cc0f3"
"aa20ba69-a86e-4294-981b-41cd258aff47.benchmark","/1?app_id=8747533615701f73&app_key=f539e7ea970c36ec"
"d09c5600-c546-4012-b81a-49b0eadaea1a.benchmark","/1?app_id=ed8050d54fd678ab&app_key=37884d7812f4bd0b"
"73642bdb-78ef-4054-aa2f-9a880f09dd39.benchmark","/111?user_key=55c2618c1a6c7258"
"d09c5600-c546-4012-b81a-49b0eadaea1a.benchmark","/1?app_id=453a4149cada5972&app_key=ff535b192545a5ad"
"d09c5600-c546-4012-b81a-49b0eadaea1a.benchmark","/11?app_id=e921b50bb7617dc9&app_key=4f17124081d213d9"
"73642bdb-78ef-4054-aa2f-9a880f09dd39.benchmark","/11?user_key=17c3f61f295cc0f3"
"aa20ba69-a86e-4294-981b-41cd258aff47.benchmark","/11?app_id=301d043047e74e25&app_key=fea7397867f85cc4"
"aa20ba69-a86e-4294-981b-41cd258aff47.benchmark","/1?app_id=af74c3655799a825&app_key=bab898d18659c07e"
"73642bdb-78ef-4054-aa2f-9a880f09dd39.benchmark","/1?user_key=5ee41a5782df530e"
"73642bdb-78ef-4054-aa2f-9a880f09dd39.benchmark","/11?user_key=cb7000a8fd9fbc9f"
"aa20ba69-a86e-4294-981b-41cd258aff47.benchmark","/111?app_id=83f23609c2fc6afb&app_key=d5dfcfc38fbd2e1e"
"73642bdb-78ef-4054-aa2f-9a880f09dd39.benchmark","/1?user_key=defc5d4d79907d3f"
"aa20ba69-a86e-4294-981b-41cd258aff47.benchmark","/1?app_id=ba7a8c70ec1fa067&app_key=9b6b26b252c84d93"
"73642bdb-78ef-4054-aa2f-9a880f09dd39.benchmark","/11?user_key=f893df9ac6e1b633"
"73642bdb-78ef-4054-aa2f-9a880f09dd39.benchmark","/111?user_key=cb7000a8fd9fbc9f"
"aa20ba69-a86e-4294-981b-41cd258aff47.benchmark","/111?app_id=9030f3fb737b6d02&app_key=2be3e7fe0959f31c"
"d09c5600-c546-4012-b81a-49b0eadaea1a.benchmark","/1?app_id=1f0e3f5122c85fd4&app_key=5e9bb9b49093f8a2"
"aa20ba69-a86e-4294-981b-41cd258aff47.benchmark","/11?app_id=865e00185e936ad6&app_key=deb66f44e8b5a258"
"73642bdb-78ef-4054-aa2f-9a880f09dd39.benchmark","/1?user_key=f73406a228cca682"
"73642bdb-78ef-4054-aa2f-9a880f09dd39.benchmark","/1?user_key=5f78d3d3b41e89e7"
"d09c5600-c546-4012-b81a-49b0eadaea1a.benchmark","/1?app_id=246eabbd5fa59a36&app_key=cffe38ab5261f0c3"
"aa20ba69-a86e-4294-981b-41cd258aff47.benchmark","/11?app_id=d9b1f0d08786b22c&app_key=b58cc6f019d7af4c"
"73642bdb-78ef-4054-aa2f-9a880f09dd39.benchmark","/11?user_key=fc7c4a1120710dab"
"73642bdb-78ef-4054-aa2f-9a880f09dd39.benchmark","/1?user_key=bbaf7b26dbfb8a3b"
"73642bdb-78ef-4054-aa2f-9a880f09dd39.benchmark","/11?user_key=813d425b1baf71b5"
"aa20ba69-a86e-4294-981b-41cd258aff47.benchmark","/111?app_id=301d043047e74e25&app_key=fea7397867f85cc4"
"d09c5600-c546-4012-b81a-49b0eadaea1a.benchmark","/1?app_id=f25ef8e30968f40e&app_key=e7bb202f619a4947"
"aa20ba69-a86e-4294-981b-41cd258aff47.benchmark","/1?app_id=0c57f7f422e8e372&app_key=2f9af4bb9585f73b"
"73642bdb-78ef-4054-aa2f-9a880f09dd39.benchmark","/1?user_key=fe42f529a40333de"
"73642bdb-78ef-4054-aa2f-9a880f09dd39.benchmark","/1?user_key=640a1ce8a4ab9a10"
"d09c5600-c546-4012-b81a-49b0eadaea1a.benchmark","/1?app_id=96acf66c71064303&app_key=63dd08721d1cb719"
"d09c5600-c546-4012-b81a-49b0eadaea1a.benchmark","/1?app_id=5df22f99dfb4ef0f&app_key=e04cb811fbbabed9"
"73642bdb-78ef-4054-aa2f-9a880f09dd39.benchmark","/1?user_key=fed986768e9498cd"
"d09c5600-c546-4012-b81a-49b0eadaea1a.benchmark","/1?app_id=da7d2085358ad660&app_key=34dd986a5a2a7a7f"
"73642bdb-78ef-4054-aa2f-9a880f09dd39.benchmark","/1?user_key=f73406a228cca682"
"d09c5600-c546-4012-b81a-49b0eadaea1a.benchmark","/1?app_id=25576ecc2f5e5734&app_key=2262e5738f25afaf"
"d09c5600-c546-4012-b81a-49b0eadaea1a.benchmark","/1?app_id=70ad171e4de203e2&app_key=060962e8206c601b"
"73642bdb-78ef-4054-aa2f-9a880f09dd39.benchmark","/1?user_key=c88471e885c57187"
"aa20ba69-a86e-4294-981b-41cd258aff47.benchmark","/111?app_id=a9f1cc118439926d&app_key=8b064f4902cc322d"
"aa20ba69-a86e-4294-981b-41cd258aff47.benchmark","/1?app_id=c9b2b1e467738a2d&app_key=4015a03803c7ea7f"
"aa20ba69-a86e-4294-981b-41cd258aff47.benchmark","/1?app_id=28cd0670177c66ab&app_key=0b01418fdc5ac780"
"d09c5600-c546-4012-b81a-49b0eadaea1a.benchmark","/1?app_id=3f33f6c395386498&app_key=636a005d8c0a68ec"
"d09c5600-c546-4012-b81a-49b0eadaea1a.benchmark","/1?app_id=5a2c47527134bad1&app_key=e7855da31e6c87f9"
"d09c5600-c546-4012-b81a-49b0eadaea1a.benchmark","/111?app_id=322cd1dbae28a11e&app_key=374cc96d566dad98"
"73642bdb-78ef-4054-aa2f-9a880f09dd39.benchmark","/1?user_key=f817fa60373c5b0a"
"aa20ba69-a86e-4294-981b-41cd258aff47.benchmark","/1?app_id=ba7a8c70ec1fa067&app_key=9b6b26b252c84d93"
"aa20ba69-a86e-4294-981b-41cd258aff47.benchmark","/1?app_id=85bbd56877269603&app_key=e483f06a4b45422c"
"d09c5600-c546-4012-b81a-49b0eadaea1a.benchmark","/111?app_id=0ffb58a15a966084&app_key=1f8eea3ff8631a9f"
"aa20ba69-a86e-4294-981b-41cd258aff47.benchmark","/1?app_id=c07cfbbc55356b51&app_key=1db8011cfe9e7d0d"
"73642bdb-78ef-4054-aa2f-9a880f09dd39.benchmark","/1?user_key=902f17408d58f6f2"
"73642bdb-78ef-4054-aa2f-9a880f09dd39.benchmark","/11?user_key=4b78912bffa345d7"
"d09c5600-c546-4012-b81a-49b0eadaea1a.benchmark","/11?app_id=d840602ec74f23dd&app_key=f8724a54fefd52c5"
"aa20ba69-a86e-4294-981b-41cd258aff47.benchmark","/1?app_id=9b001449475eebd8&app_key=04c5ea9d30b165e8"
"aa20ba69-a86e-4294-981b-41cd258aff47.benchmark","/11?app_id=37d07bf2e68086e4&app_key=75fa5623520fac39"
"73642bdb-78ef-4054-aa2f-9a880f09dd39.benchmark","/1?user_key=e63b5af21339ae5a"
"aa20ba69-a86e-4294-981b-41cd258aff47.benchmark","/1?app_id=b11a21887f3d6c79&app_key=bcc6f706b47d7681"
"73642bdb-78ef-4054-aa2f-9a880f09dd39.benchmark","/1?user_key=ce686021fdf28103"
"aa20ba69-a86e-4294-981b-41cd258aff47.benchmark","/1?app_id=a9f1cc118439926d&app_key=8b064f4902cc322d"
"73642bdb-78ef-4054-aa2f-9a880f09dd39.benchmark","/1?user_key=33d768466f0bf0c1"
"73642bdb-78ef-4054-aa2f-9a880f09dd39.benchmark","/1?user_key=f817fa60373c5b0a"
"73642bdb-78ef-4054-aa2f-9a880f09dd39.benchmark","/111?user_key=f893df9ac6e1b633"
"d09c5600-c546-4012-b81a-49b0eadaea1a.benchmark","/1?app_id=0d09a253110e8231&app_key=58929740bc09ba9b"
"d09c5600-c546-4012-b81a-49b0eadaea1a.benchmark","/1?app_id=801da5f52bd9e20c&app_key=426b41f3cdb88446"
"d09c5600-c546-4012-b81a-49b0eadaea1a.benchmark","/1?app_id=727f2e47f16a5949&app_key=1b8b2628444e3e78"
"d09c5600-c546-4012-b81a-49b0eadaea1a.benchmark","/111?app_id=7ddf619a576ec4ba&app_key=a7951fdf6b146805"
"73642bdb-78ef-4054-aa2f-9a880f09dd39.benchmark","/1?user_key=d73b8a914eca1119"
"d09c5600-c546-4012-b81a-49b0eadaea1a.benchmark","/1?app_id=4a45b9df90f503df&app_key=5ca8ce03bc645f27"
"aa20ba69-a86e-4294-981b-41cd258aff47.benchmark","/1?app_id=090052c8ef2cfc8e&app_key=2e0b9f529024843d"
"73642bdb-78ef-4054-aa2f-9a880f09dd39.benchmark","/11?user_key=648f65237007f946"
"aa20ba69-a86e-4294-981b-41cd258aff47.benchmark","/1?app_id=af74c3655799a825&app_key=bab898d18659c07e"
"d09c5600-c546-4012-b81a-49b0eadaea1a.benchmark","/1?app_id=2b1a962ad2865797&app_key=6466419d08136a3d"
"aa20ba69-a86e-4294-981b-41cd258aff47.benchmark","/1?app_id=b827bcff78e28d38&app_key=c8fd756c29ffe236"
"73642bdb-78ef-4054-aa2f-9a880f09dd39.benchmark","/1?user_key=2640c29b7fb483d1"
"d09c5600-c546-4012-b81a-49b0eadaea1a.benchmark","/111?app_id=1d6fbdf9c5041e5a&app_key=e52dbae5fcdeb6d3"
"d09c5600-c546-4012-b81a-49b0eadaea1a.benchmark","/1?app_id=61d76625f2ba4b3b&app_key=a818359fc0b0b2e1"
"aa20ba69-a86e-4294-981b-41cd258aff47.benchmark","/11?app_id=090052c8ef2cfc8e&app_key=2e0b9f529024843d"
"aa20ba69-a86e-4294-981b-41cd258aff47.benchmark","/11?app_id=70afb3ee1ffa6eac&app_key=bdecd97d97325bb4"
"aa20ba69-a86e-4294-981b-41cd258aff47.benchmark","/1?app_id=7533d43e144728c9&app_key=5e79d2d0aaf2899c"
"d09c5600-c546-4012-b81a-49b0eadaea1a.benchmark","/11?app_id=5f6269e2a1311318&app_key=01e746770031d190"
"73642bdb-78ef-4054-aa2f-9a880f09dd39.benchmark","/1?user_key=f73406a228cca682"
"73642bdb-78ef-4054-aa2f-9a880f09dd39.benchmark","/1?user_key=133c77598003551d"
"aa20ba69-a86e-4294-981b-41cd258aff47.benchmark","/111?app_id=ebf2bf29b724029e&app_key=b63c4f29b2b80b71"
"aa20ba69-a86e-4294-981b-41cd258aff47.benchmark","/111?app_id=4a044b5ea1e67310&app_key=c608d093ae712a99"
"aa20ba69-a86e-4294-981b-41cd258aff47.benchmark","/1?app_id=70afb3ee1ffa6eac&app_key=bdecd97d97325bb4"
"73642bdb-78ef-4054-aa2f-9a880f09dd39.benchmark","/1?user_key=e099faec60292cc3"
"73642bdb-78ef-4054-aa2f-9a880f09dd39.benchmark","/111?user_key=a4e284da982ff452"
"d09c5600-c546-4012-b81a-49b0eadaea1a.benchmark","/1?app_id=7c28430d8c92d9db&app_key=52cc106edbb6dadd"
"aa20ba69-a86e-4294-981b-41cd258aff47.benchmark","/111?app_id=c9b2b1e467738a2d&app_key=4015a03803c7ea7f"
"aa20ba69-a86e-4294-981b-41cd258aff47.benchmark","/11?app_id=968e5f26f851f91d&app_key=411ddbaae4c12ca7"
"d09c5600-c546-4012-b81a-49b0eadaea1a.benchmark","/111?app_id=5a2c47527134bad1&app_key=e7855da31e6c87f9"
"d09c5600-c546-4012-b81a-49b0eadaea1a.benchmark","/1?app_id=9fbe7b50818e69bf&app_key=329432d3f706a2cb"
"73642bdb-78ef-4054-aa2f-9a880f09dd39.benchmark","/11?user_key=defc5d4d79907d3f"
"d09c5600-c546-4012-b81a-49b0eadaea1a.benchmark","/1?app_id=aebd8b6d93c73921&app_key=f7803308f1db0464"
"73642bdb-78ef-4054-aa2f-9a880f09dd39.benchmark","/1?user_key=61cb8d463689c380"
"d09c5600-c546-4012-b81a-49b0eadaea1a.benchmark","/1?app_id=d5a06c3c5eb243a4&app_key=1eaf29662b3ee9ac"
"d09c5600-c546-4012-b81a-49b0eadaea1a.benchmark","/1?app_id=4a45b9df90f503df&app_key=5ca8ce03bc645f27"
"d09c5600-c546-4012-b81a-49b0eadaea1a.benchmark","/1?app_id=3f33f6c395386498&app_key=636a005d8c0a68ec"
"d09c5600-c546-4012-b81a-49b0eadaea1a.benchmark","/1?app_id=7c28430d8c92d9db&app_key=52cc106edbb6dadd"
"aa20ba69-a86e-4294-981b-41cd258aff47.benchmark","/111?app_id=ed32ef31537e39f6&app_key=3e47f40029fc2acb"
"73642bdb-78ef-4054-aa2f-9a880f09dd39.benchmark","/11?user_key=5ae5aba2abeea207"
"d09c5600-c546-4012-b81a-49b0eadaea1a.benchmark","/1?app_id=f3af5d1d73014730&app_key=365c4b4b8d79d1da"
"aa20ba69-a86e-4294-981b-41cd258aff47.benchmark","/11?app_id=ef33ece14f9cd7ca&app_key=cbf06921d90fcd2b"
"73642bdb-78ef-4054-aa2f-9a880f09dd39.benchmark","/11?user_key=21da644f2089c058"
"aa20ba69-a86e-4294-981b-41cd258aff47.benchmark","/1?app_id=0d5e48f190482c77&app_key=326db691defa3566"
"aa20ba69-a86e-4294-981b-41cd258aff47.benchmark","/1?app_id=28cd0670177c66ab&app_key=0b01418fdc5ac780"
"d09c5600-c546-4012-b81a-49b0eadaea1a.benchmark","/1?app_id=c38a1b3b1ec27192&app_key=24e1281d6a8ea630"
"aa20ba69-a86e-4294-981b-41cd258aff47.benchmark","/1?app_id=bc2556627e3a94c4&app_key=ec3e94c074c7a7b0"
"d09c5600-c546-4012-b81a-49b0eadaea1a.benchmark","/1?app_id=4036ffae5c6a7ec3&app_key=6dbc8d0ea53ea5d8"
"aa20ba69-a86e-4294-981b-41cd258aff47.benchmark","/111?app_id=05d23e54c1b4edbc&app_key=f703932c167828b1"
"73642bdb-78ef-4054-aa2f-9a880f09dd39.benchmark","/111?user_key=99f4c008adf15fcf"
"d09c5600-c546-4012-b81a-49b0eadaea1a.benchmark","/11?app_id=c38a1b3b1ec27192&app_key=24e1281d6a8ea630"
"73642bdb-78ef-4054-aa2f-9a880f09dd39.benchmark","/11?user_key=d73b8a914eca1119"
"aa20ba69-a86e-4294-981b-41cd258aff47.benchmark","/1?app_id=bc7f26ee2a53e87e&app_key=ddf40ba47c439fbf"
"d09c5600-c546-4012-b81a-49b0eadaea1a.benchmark","/1?app_id=143bf6d72d193cd2&app_key=01a7e27aab25a2ad"
"73642bdb-78ef-4054-aa2f-9a880f09dd39.benchmark","/1?user_key=e68ee2c898af46f6"
"73642bdb-78ef-4054-aa2f-9a880f09dd39.benchmark","/1?user_key=4759c63c0523fdf2"
"d09c5600-c546-4012-b81a-49b0eadaea1a.benchmark","/1?app_id=68434ab57f922093&app_key=214dc9d249b1f20d"
"d09c5600-c546-4012-b81a-49b0eadaea1a.benchmark","/1?app_id=b140b09a986cdcdf&app_key=ae023e7cbf39d9ed"
"73642bdb-78ef-4054-aa2f-9a880f09dd39.benchmark","/1?user_key=0066c9f9decbd632"
"73642bdb-78ef-4054-aa2f-9a880f09dd39.benchmark","/1?user_key=c4d2c29b034767bf"
"d09c5600-c546-4012-b81a-49b0eadaea1a.benchmark","/11?app_id=4a45b9df90f503df&app_key=5ca8ce03bc645f27"
"73642bdb-78ef-4054-aa2f-9a880f09dd39.benchmark","/11?user_key=40186e2dd8436158"
"d09c5600-c546-4012-b81a-49b0eadaea1a.benchmark","/1?app_id=38942fde40652f5f&app_key=828e956c5e3ec244"
"73642bdb-78ef-4054-aa2f-9a880f09dd39.benchmark","/1?user_key=9ca84309fc4d4bfc"
"73642bdb-78ef-4054-aa2f-9a880f09dd39.benchmark","/1?user_key=fed986768e9498cd"
"73642bdb-78ef-4054-aa2f-9a880f09dd39.benchmark","/1?user_key=8d0ef3bd83bb6c7c"
"d09c5600-c546-4012-b81a-49b0eadaea1a.benchmark","/11?app_id=9ee5ac8a8a7f5958&app_key=d1dfe783a583f24c"
"73642bdb-78ef-4054-aa2f-9a880f09dd39.benchmark","/11?user_key=a4e284da982ff452"
"aa20ba69-a86e-4294-981b-41cd258aff47.benchmark","/1?app_id=f8c72ffb307ab087&app_key=588b270369c86b99"
"73642bdb-78ef-4054-aa2f-9a880f09dd39.benchmark","/11?user_key=1b20fd6f622e99b0"
"aa20ba69-a86e-4294-981b-41cd258aff47.benchmark","/1?app_id=9030f3fb737b6d02&app_key=2be3e7fe0959f31c"
"d09c5600-c546-4012-b81a-49b0eadaea1a.benchmark","/111?app_id=25576ecc2f5e5734&app_key=2262e5738f25afaf"
"73642bdb-78ef-4054-aa2f-9a880f09dd39.benchmark","/1?user_key=b30e75edd1474820"
"aa20ba69-a86e-4294-981b-41cd258aff47.benchmark","/1?app_id=99083311358ae185&app_key=2433ebf171583c90"
"aa20ba69-a86e-4294-981b-41cd258aff47.benchmark","/1?app_id=034c890dd56e523a&app_key=7b952a89a1eb2f6f"
"d09c5600-c546-4012-b81a-49b0eadaea1a.benchmark","/1?app_id=fd4875443c6508ed&app_key=4cd47839e502df23"
"aa20ba69-a86e-4294-981b-41cd258aff47.benchmark","/1?app_id=d9b1f0d08786b22c&app_key=b58cc6f019d7af4c"
"aa20ba69-a86e-4294-981b-41cd258aff47.benchmark","/11?app_id=c07cfbbc55356b51&app_key=1db8011cfe9e7d0d"
"d09c5600-c546-4012-b81a-49b0eadaea1a.benchmark","/1?app_id=5f6269e2a1311318&app_key=01e746770031d190"
"d09c5600-c546-4012-b81a-49b0eadaea1a.benchmark","/1?app_id=d7795be0c9fdfe01&app_key=88f1ebab7591877b"
"73642bdb-78ef-4054-aa2f-9a880f09dd39.benchmark","/11?user_key=2640c29b7fb483d1"
"73642bdb-78ef-4054-aa2f-9a880f09dd39.benchmark","/11?user_key=c2af90822f44298d"
"73642bdb-78ef-4054-aa2f-9a880f09dd39.benchmark","/11?user_key=6e277cbbc60a3511"
"d09c5600-c546-4012-b81a-49b0eadaea1a.benchmark","/1?app_id=dfd41c2a08d2ecef&app_key=4f0198b045139972"
"aa20ba69-a86e-4294-981b-41cd258aff47.benchmark","/11?app_id=bd59f4f8b0e0bf8e&app_key=72c824d0336dd443"
"d09c5600-c546-4012-b81a-49b0eadaea1a.benchmark","/11?app_id=ded7a874e510cbcd&app_key=32a6e04d08986cec"
"73642bdb-78ef-4054-aa2f-9a880f09dd39.benchmark","/11?user_key=133c77598003551d"
"aa20ba69-a86e-4294-981b-41cd258aff47.benchmark","/1?app_id=85bbd56877269603&app_key=e483f06a4b45422c"
"aa20ba69-a86e-4294-981b-41cd258aff47.benchmark","/1?app_id=301d043047e74e25&app_key=fea7397867f85cc4"
"d09c5600-c546-4012-b81a-49b0eadaea1a.benchmark","/11?app_id=ed8050d54fd678ab&app_key=37884d7812f4bd0b"
"73642bdb-78ef-4054-aa2f-9a880f09dd39.benchmark","/111?user_key=defc5d4d79907d3f"
"aa20ba69-a86e-4294-981b-41cd258aff47.benchmark","/1?app_id=bc2556627e3a94c4&app_key=ec3e94c074c7a7b0"
"73642bdb-78ef-4054-aa2f-9a880f09dd39.benchmark","/1?user_key=2dbd5ae87ac2fa0e"
"aa20ba69-a86e-4294-981b-41cd258aff47.benchmark","/1?app_id=c9b2b1e467738a2d&app_key=4015a03803c7ea7f"
"73642bdb-78ef-4054-aa2f-9a880f09dd39.benchmark","/1?user_key=aecb587e8aa997b0"
"aa20ba69-a86e-4294-981b-41cd258aff47.benchmark","/1?app_id=4df624dfd00026c8&app_key=199b6377a9db9bc2"
"aa20ba69-a86e-4294-981b-41cd258aff47.benchmark","/1?app_id=1a08b55826c9a648&app_key=5c1f8d6a2757eafd"
"73642bdb-78ef-4054-aa2f-9a880f09dd39.benchmark","/111?user_key=7182f2bc15417610"
"d09c5600-c546-4012-b81a-49b0eadaea1a.benchmark","/1?app_id=b140b09a986cdcdf&app_key=ae023e7cbf39d9ed"
"aa20ba69-a86e-4294-981b-41cd258aff47.benchmark","/1?app_id=b827bcff78e28d38&app_key=c8fd756c29ffe236"
"73642bdb-78ef-4054-aa2f-9a880f09dd39.benchmark","/111?user_key=fed986768e9498cd"
"d09c5600-c546-4012-b81a-49b0eadaea1a.benchmark","/1?app_id=70ad171e4de203e2&app_key=060962e8206c601b"
"aa20ba69-a86e-4294-981b-41cd258aff47.benchmark","/1?app_id=85bbd56877269603&app_key=e483f06a4b45422c"
"d09c5600-c546-4012-b81a-49b0eadaea1a.benchmark","/1?app_id=850493d9f5e48dcf&app_key=e49111542a32e386"
"d09c5600-c546-4012-b81a-49b0eadaea1a.benchmark","/111?app_id=bc2f28a605c913e0&app_key=174437ac48fffbb6"
"aa20ba69-a86e-4294-981b-41cd258aff47.benchmark","/111?app_id=05d23e54c1b4edbc&app_key=f703932c167828b1"
"aa20ba69-a86e-4294-981b-41cd258aff47.benchmark","/1?app_id=369b219a3f9e5ec8&app_key=2e7ae1acf66a6e38"
"aa20ba69-a86e-4294-981b-41cd258aff47.benchmark","/1?app_id=0d5e48f190482c77&app_key=326db691defa3566"
"d09c5600-c546-4012-b81a-49b0eadaea1a.benchmark","/1?app_id=d840602ec74f23dd&app_key=f8724a54fefd52c5"
"73642bdb-78ef-4054-aa2f-9a880f09dd39.benchmark","/111?user_key=8aff45dd53f5110c"
"d09c5600-c546-4012-b81a-49b0eadaea1a.benchmark","/111?app_id=7765cdac7d722e3b&app_key=93260e9095007f07"
"d09c5600-c546-4012-b81a-49b0eadaea1a.benchmark","/111?app_id=e9da637a4a7eb19c&app_key=5a839c52d6f9e756"
"d09c5600-c546-4012-b81a-49b0eadaea1a.benchmark","/1?app_id=9413e7e17a2cf8f4&app_key=be11036c7cec6209"
"73642bdb-78ef-4054-aa2f-9a880f09dd39.benchmark","/1?user_key=03321092dfa29dfb"
"aa20ba69-a86e-4294-981b-41cd258aff47.benchmark","/1?app_id=d076f4c02e628ac3&app_key=454c285f0517772a"
"73642bdb-78ef-4054-aa2f-9a880f09dd39.benchmark","/1?user_key=a5f6d272d674e27f"
"73642bdb-78ef-4054-aa2f-9a880f09dd39.benchmark","/1?user_key=7182f2bc15417610"
"d09c5600-c546-4012-b81a-49b0eadaea1a.benchmark","/111?app_id=9ee5ac8a8a7f5958&app_key=d1dfe783a583f24c"
"73642bdb-78ef-4054-aa2f-9a880f09dd39.benchmark","/1?user_key=1098fe1ef87f35d4"
"d09c5600-c546-4012-b81a-49b0eadaea1a.benchmark","/1?app_id=b41d2d2e640be40f&app_key=305d1943bd4d48b1"
"73642bdb-78ef-4054-aa2f-9a880f09dd39.benchmark","/11?user_key=8178bd640f515749"
"aa20ba69-a86e-4294-981b-41cd258aff47.benchmark","/1?app_id=0e43a12ba61f8d8a&app_key=4c74f5e1fd77c2df"
"73642bdb-78ef-4054-aa2f-9a880f09dd39.benchmark","/1?user_key=c2af90822f44298d"
"73642bdb-78ef-4054-aa2f-9a880f09dd39.benchmark","/111?user_key=068bac5a46abe015"
"aa20ba69-a86e-4294-981b-41cd258aff47.benchmark","/1?app_id=b30480d6f1a9601e&app_key=f00ba3d61acb3f98"
"aa20ba69-a86e-4294-981b-41cd258aff47.benchmark","/1?app_id=43980f72be0bcad9&app_key=e68ba01b48d3483c"
"73642bdb-78ef-4054-aa2f-9a880f09dd39.benchmark","/11?user_key=f73406a228cca682"
"73642bdb-78ef-4054-aa2f-9a880f09dd39.benchmark","/11?user_key=bbaf7b26dbfb8a3b"
"d09c5600-c546-4012-b81a-49b0eadaea1a.benchmark","/11?app_id=c38a1b3b1ec27192&app_key=24e1281d6a8ea630"
"aa20ba69-a86e-4294-981b-41cd258aff47.benchmark","/1?app_id=eb8f468a5462ba24&app_key=e5c4157641168103"
"aa20ba69-a86e-4294-981b-41cd258aff47.benchmark","/1?app_id=99083311358ae185&app_key=2433ebf171583c90"
"d09c5600-c546-4012-b81a-49b0eadaea1a.benchmark","/1?app_id=9fe5084fcdbc0a8e&app_key=d3d301e2d1b487ef"
"d09c5600-c546-4012-b81a-49b0eadaea1a.benchmark","/111?app_id=ded7a874e510cbcd&app_key=32a6e04d08986cec"
"d09c5600-c546-4012-b81a-49b0eadaea1a.benchmark","/1?app_id=948cec54873d2f7b&app_key=c97be73d1d0f9e24"
"73642bdb-78ef-4054-aa2f-9a880f09dd39.benchmark","/1?user_key=e099faec60292cc3"
"d09c5600-c546-4012-b81a-49b0eadaea1a.benchmark","/1?app_id=2b1a962ad2865797&app_key=6466419d08136a3d"
"d09c5600-c546-4012-b81a-49b0eadaea1a.benchmark","/1?app_id=861646c4e8c4a806&app_key=066299d5826be424"
"73642bdb-78ef-4054-aa2f-9a880f09dd39.benchmark","/1?user_key=4b78912bffa345d7"
"aa20ba69-a86e-4294-981b-41cd258aff47.benchmark","/1?app_id=dc80e67d7cd8f357&app_key=7da14cace325ba19"
"73642bdb-78ef-4054-aa2f-9a880f09dd39.benchmark","/1?user_key=55c2618c1a6c7258"
"d09c5600-c546-4012-b81a-49b0eadaea1a.benchmark","/1?app_id=948cec54873d2f7b&app_key=c97be73d1d0f9e24"
"73642bdb-78ef-4054-aa2f-9a880f09dd39.benchmark","/1?user_key=cf7b9bc68a6d9973"
"d09c5600-c546-4012-b81a-49b0eadaea1a.benchmark","/1?app_id=093e94ef90375a87&app_key=486b460469ab35f6"
"d09c5600-c546-4012-b81a-49b0eadaea1a.benchmark","/1?app_id=1082481a4fb23aa5&app_key=cb36ce1122ed2756"
"73642bdb-78ef-4054-aa2f-9a880f09dd39.benchmark","/1?user_key=fc7c4a1120710dab"
"d09c5600-c546-4012-b81a-49b0eadaea1a.benchmark","/11?app_id=2b1a962ad2865797&app_key=6466419d08136a3d"
"73642bdb-78ef-4054-aa2f-9a880f09dd39.benchmark","/1?user_key=aecb587e8aa997b0"
"aa20ba69-a86e-4294-981b-41cd258aff47.benchmark","/11?app_id=d076f4c02e628ac3&app_key=454c285f0517772a"
"aa20ba69-a86e-4294-981b-41cd258aff47.benchmark","/11?app_id=28cd0670177c66ab&app_key=0b01418fdc5ac780"
"73642bdb-78ef-4054-aa2f-9a880f09dd39.benchmark","/111?user_key=86359872281f4d96"
"aa20ba69-a86e-4294-981b-41cd258aff47.benchmark","/1?app_id=2b58ea81d1371a1b&app_key=6c9645caaffe9741"
"aa20ba69-a86e-4294-981b-41cd258aff47.benchmark","/1?app_id=ed32ef31537e39f6&app_key=3e47f40029fc2acb"
"aa20ba69-a86e-4294-981b-41cd258aff47.benchmark","/1?app_id=fba695e34377ea47&app_key=f79a8e86f6f1f342"
"d09c5600-c546-4012-b81a-49b0eadaea1a.benchmark","/1?app_id=948cec54873d2f7b&app_key=c97be73d1d0f9e24"
"d09c5600-c546-4012-b81a-49b0eadaea1a.benchmark","/1?app_id=3f33f6c395386498&app_key=636a005d8c0a68ec"
"aa20ba69-a86e-4294-981b-41cd258aff47.benchmark","/111?app_id=8244258b4f9e1266&app_key=35086561bb804871"
"73642bdb-78ef-4054-aa2f-9a880f09dd39.benchmark","/1?user_key=6e277cbbc60a3511"
"aa20ba69-a86e-4294-981b-41cd258aff47.benchmark","/1?app_id=27079d152b6681af&app_key=11262bdcc7fd32c7"
"73642bdb-78ef-4054-aa2f-9a880f09dd39.benchmark","/1?user_key=c4d2c29b034767bf"
"aa20ba69-a86e-4294-981b-41cd258aff47.benchmark","/1?app_id=607231ea39637f69&app_key=07c01964cb10df1c"
"d09c5600-c546-4012-b81a-49b0eadaea1a.benchmark","/1?app_id=fd4875443c6508ed&app_key=4cd47839e502df23"
"73642bdb-78ef-4054-aa2f-9a880f09dd39.benchmark","/11?user_key=55e8b7a626ef940b"
"73642bdb-78ef-4054-aa2f-9a880f09dd39.benchmark","/11?user_key=3aca8c80d4eb34c8"
"73642bdb-78ef-4054-aa2f-9a880f09dd39.benchmark","/1?user_key=813d425b1baf71b5"
"73642bdb-78ef-4054-aa2f-9a880f09dd39.benchmark","/1?user_key=9232981aef44f2c8"
"aa20ba69-a86e-4294-981b-41cd258aff47.benchmark","/1?app_id=103e6ed23fa3bdd4&app_key=4e39b4a0fbe7ae81"
"73642bdb-78ef-4054-aa2f-9a880f09dd39.benchmark","/1?user_key=a4e284da982ff452"
"d09c5600-c546-4012-b81a-49b0eadaea1a.benchmark","/1?app_id=895c799bb4c8ddc1&app_key=6cee7a3def0e57c5"
"73642bdb-78ef-4054-aa2f-9a880f09dd39.benchmark","/1?user_key=a4e284da982ff452"
"d09c5600-c546-4012-b81a-49b0eadaea1a.benchmark","/1?app_id=727f2e47f16a5949&app_key=1b8b2628444e3e78"
"d09c5600-c546-4012-b81a-49b0eadaea1a.benchmark","/1?app_id=0ffb58a15a966084&app_key=1f8eea3ff8631a9f"
"73642bdb-78ef-4054-aa2f-9a880f09dd39.benchmark","/11?user_key=608dca8a0d4eafd2"
"73642bdb-78ef-4054-aa2f-9a880f09dd39.benchmark","/1?user_key=18e922ac5dd61738"
"73642bdb-78ef-4054-aa2f-9a880f09dd39.benchmark","/1?user_key=4510e3ef517b19bd"
"73642bdb-78ef-4054-aa2f-9a880f09dd39.benchmark","/1?user_key=2d6411c63bcc4e7c"
"73642bdb-78ef-4054-aa2f-9a880f09dd39.benchmark","/1?user_key=d8910417239a50e8"
"73642bdb-78ef-4054-aa2f-9a880f09dd39.benchmark","/1?user_key=7f3147346bd3fcd6"
"aa20ba69-a86e-4294-981b-41cd258aff47.benchmark","/11?app_id=8aa1f4876deb3ba5&app_key=647130c29993aefc"
"73642bdb-78ef-4054-aa2f-9a880f09dd39.benchmark","/111?user_key=e099faec60292cc3"
"aa20ba69-a86e-4294-981b-41cd258aff47.benchmark","/1?app_id=b30480d6f1a9601e&app_key=f00ba3d61acb3f98"
"73642bdb-78ef-4054-aa2f-9a880f09dd39.benchmark","/111?user_key=03321092dfa29dfb"
"aa20ba69-a86e-4294-981b-41cd258aff47.benchmark","/1?app_id=0e43a12ba61f8d8a&app_key=4c74f5e1fd77c2df"
"d09c5600-c546-4012-b81a-49b0eadaea1a.benchmark","/1?app_id=7566a77478657f40&app_key=78bd93bf63ec548a"
"73642bdb-78ef-4054-aa2f-9a880f09dd39.benchmark","/1?user_key=b99e164236f18d3e"
"aa20ba69-a86e-4294-981b-41cd258aff47.benchmark","/1?app_id=725d8e3d426b16dc&app_key=df22d8c3257699fe"
"73642bdb-78ef-4054-aa2f-9a880f09dd39.benchmark","/1?user_key=86359872281f4d96"
"d09c5600-c546-4012-b81a-49b0eadaea1a.benchmark","/11?app_id=5f6269e2a1311318&app_key=01e746770031d190"
"73642bdb-78ef-4054-aa2f-9a880f09dd39.benchmark","/1?user_key=17c3f61f295cc0f3"
"d09c5600-c546-4012-b81a-49b0eadaea1a.benchmark","/111?app_id=7566a77478657f40&app_key=78bd93bf63ec548a"
"73642bdb-78ef-4054-aa2f-9a880f09dd39.benchmark","/1?user_key=af07c3302d1f2915"
"73642bdb-78ef-4054-aa2f-9a880f09dd39.benchmark","/111?user_key=3aca8c80d4eb34c8"
"aa20ba69-a86e-4294-981b-41cd258aff47.benchmark","/11?app_id=eb8f468a5462ba24&app_key=e5c4157641168103"
"aa20ba69-a86e-4294-981b-41cd258aff47.benchmark","/111?app_id=43980f72be0bcad9&app_key=e68ba01b48d3483c"
"aa20ba69-a86e-4294-981b-41cd258aff47.benchmark","/111?app_id=ee0b7ee3c183b5fe&app_key=f1b1d2239440b53e"
"d09c5600-c546-4012-b81a-49b0eadaea1a.benchmark","/11?app_id=d7795be0c9fdfe01&app_key=88f1ebab7591877b"
"aa20ba69-a86e-4294-981b-41cd258aff47.benchmark","/1?app_id=bc7f26ee2a53e87e&app_key=ddf40ba47c439fbf"
"aa20ba69-a86e-4294-981b-41cd258aff47.benchmark","/1?app_id=865e00185e936ad6&app_key=deb66f44e8b5a258"
"aa20ba69-a86e-4294-981b-41cd258aff47.benchmark","/11?app_id=43980f72be0bcad9&app_key=e68ba01b48d3483c"
"aa20ba69-a86e-4294-981b-41cd258aff47.benchmark","/111?app_id=ac1b5b488c4c7483&app_key=789b977758eadec3"
"73642bdb-78ef-4054-aa2f-9a880f09dd39.benchmark","/11?user_key=e68ee2c898af46f6"
"aa20ba69-a86e-4294-981b-41cd258aff47.benchmark","/1?app_id=cc51dc591e96fab0&app_key=a384b27550323618"
"d09c5600-c546-4012-b81a-49b0eadaea1a.benchmark","/1?app_id=aebd8b6d93c73921&app_key=f7803308f1db0464"
"73642bdb-78ef-4054-aa2f-9a880f09dd39.benchmark","/1?user_key=99f4c008adf15fcf"
"aa20ba69-a86e-4294-981b-41cd258aff47.benchmark","/1?app_id=b11a21887f3d6c79&app_key=bcc6f706b47d7681"
"aa20ba69-a86e-4294-981b-41cd258aff47.benchmark","/111?app_id=7b9ae7d0dfc4c6a2&app_key=2f6690dc1d43fa67"
"aa20ba69-a86e-4294-981b-41cd258aff47.benchmark","/1?app_id=ac1b5b488c4c7483&app_key=789b977758eadec3"
"73642bdb-78ef-4054-aa2f-9a880f09dd39.benchmark","/1?user_key=af07c3302d1f2915"
"73642bdb-78ef-4054-aa2f-9a880f09dd39.benchmark","/11?user_key=fed986768e9498cd"
"aa20ba69-a86e-4294-981b-41cd258aff47.benchmark","/11?app_id=fba695e34377ea47&app_key=f79a8e86f6f1f342"
"d09c5600-c546-4012-b81a-49b0eadaea1a.benchmark","/1?app_id=70ad171e4de203e2&app_key=060962e8206c601b"
"aa20ba69-a86e-4294-981b-41cd258aff47.benchmark","/11?app_id=103e6ed23fa3bdd4&app_key=4e39b4a0fbe7ae81"
"73642bdb-78ef-4054-aa2f-9a880f09dd39.benchmark","/11?user_key=21da644f2089c058"
"d09c5600-c546-4012-b81a-49b0eadaea1a.benchmark","/1?app_id=f3af5d1d73014730&app_key=365c4b4b8d79d1da"
"aa20ba69-a86e-4294-981b-41cd258aff47.benchmark","/11?app_id=37d07bf2e68086e4&app_key=75fa5623520fac39"
"d09c5600-c546-4012-b81a-49b0eadaea1a.benchmark","/1?app_id=d5ef314ac948cb9d&app_key=342e0ce2c3b4643f"
"d09c5600-c546-4012-b81a-49b0eadaea1a.benchmark","/1?app_id=dfd41c2a08d2ecef&app_key=4f0198b045139972"
"73642bdb-78ef-4054-aa2f-9a880f09dd39.benchmark","/1?user_key=133c77598003551d"
"aa20ba69-a86e-4294-981b-41cd258aff47.benchmark","/11?app_id=99083311358ae185&app_key=2433ebf171583c90"
"aa20ba69-a86e-4294-981b-41cd258aff47.benchmark","/1?app_id=a2450736283bd6bf&app_key=8d815adff3baebf9"
"aa20ba69-a86e-4294-981b-41cd258aff47.benchmark","/11?app_id=2b58ea81d1371a1b&app_key=6c9645caaffe9741"
"73642bdb-78ef-4054-aa2f-9a880f09dd39.benchmark","/1?user_key=4510e3ef517b19bd"
"d09c5600-c546-4012-b81a-49b0eadaea1a.benchmark","/1?app_id=f14c27c796eec191&app_key=69d7bb784f7dc0e3"
"aa20ba69-a86e-4294-981b-41cd258aff47.benchmark","/1?app_id=e496a5c780e2aadc&app_key=b75dd9cfd13fa071"
"d09c5600-c546-4012-b81a-49b0eadaea1a.benchmark","/111?app_id=10e9b125ebf5c71a&app_key=ab4308e97369fd02"
"73642bdb-78ef-4054-aa2f-9a880f09dd39.benchmark","/11?user_key=03321092dfa29dfb"
"aa20ba69-a86e-4294-981b-41cd258aff47.benchmark","/1?app_id=69ecdf641b88321c&app_key=f8fc1e972e1c579e"
"73642bdb-78ef-4054-aa2f-9a880f09dd39.benchmark","/1?user_key=253b5dd479cf0ff6"
"d09c5600-c546-4012-b81a-49b0eadaea1a.benchmark","/1?app_id=9413e7e17a2cf8f4&app_key=be11036c7cec6209"
"d09c5600-c546-4012-b81a-49b0eadaea1a.benchmark","/1?app_id=2b1a962ad2865797&app_key=6466419d08136a3d"
"d09c5600-c546-4012-b81a-49b0eadaea1a.benchmark","/1?app_id=1f0e3f5122c85fd4&app_key=5e9bb9b49093f8a2"
